id,refi_pathway,pd_score,pred_rate,scenario_current_rate,monthly_savings,risk_adjusted_savings,recommendation
119279916,pl_refinance,0.42021600466511594,13.39699549290827,18.59,20.38375675795504,11.818175933061616,consider
108906681,pl_refinance,0.5133714865870231,12.560490480333684,17.619999999999997,29.912370180659366,14.556212233672925,hold
129056676,other,0.2599783601436611,7.927916474705874,12.969999999999999,18.757633808629663,13.881054930886826,consider
139799241,other,0.3538161241351247,12.537054179882578,17.73,12.72846709708034,8.224930202609912,consider
131564906,pl_refinance,0.3740708913117577,10.01809585729881,14.92,32.72659624991729,20.484529221110705,consider
116878610,pl_refinance,0.715090018692394,21.09140832302848,29.85,46.63877770721058,13.287853284770959,hold
124784067,cc_to_pl,0.5934284788128175,14.089928115544108,36.0,527.5067306869103,214.46921393185454,hold
128354275,cc_to_pl,0.5004705863686925,14.257079582481666,36.0,141.67279740493512,70.76972941519428,hold
96948309,pl_refinance,0.5685978056417956,17.140033531372687,21.99,30.34175937131505,13.089501573473925,hold
96202962,pl_refinance,0.32853195322480266,8.32556987871399,13.24,31.557241151313747,21.18967907748652,consider
98848327,cc_to_pl,0.11452463261796167,5.409571404993732,36.0,78.24331248659334,69.28252586925386,consider
110080362,other,0.49308336147149795,14.063966509472953,19.08,45.032067049158115,22.82750405454935,hold
119693781,other,0.4769829163021646,10.34280327643142,15.42,99.93212800543938,52.26621015712369,hold
121816090,pl_refinance,0.7342302798936289,21.399316261333944,31.3,127.98218441776294,34.013789331310825,hold
121276551,pl_refinance,0.526982159554942,12.982610304245872,17.619999999999997,52.90782396254292,25.026344633409344,hold
131644202,pl_refinance,0.9146821111111533,13.382934075335458,18.58,31.37555767347976,2.6768963434115487,hold
96617046,pl_refinance,0.32794366091142774,8.315926961322926,13.24,31.617847158015195,21.248974610877713,consider
107365892,cc_to_pl,0.37607249740495535,10.26857348205914,36.0,319.06560721225793,199.07380747191553,consider
126487363,cc_to_pl,0.41994746004291855,12.056452180200962,36.0,62.8125762254048,36.43459438079385,consider
96750337,pl_refinance,0.7360773436749991,22.052425695577075,27.74,78.44753926291548,20.704082944428457,hold
113529295,other,0.5354351319275232,18.254456567948388,24.03,14.842172500789218,6.895151909738085,hold
129700844,cc_to_pl,0.29150191448300333,10.003992437791599,36.0,109.92855622869735,77.88417163167959,consider
132051302,other,0.14431944621248358,7.321522073216462,12.34,26.283192102943815,22.490016373950642,consider
113875527,cc_to_pl,0.33465341904214946,9.396720801937896,36.0,69.0955052706172,45.97245819136029,consider
107656226,pl_refinance,0.34376571016199114,11.041645042241742,15.91,28.818477190456576,18.91167291329213,consider
132230432,pl_refinance,0.1745413758264179,6.733714765328238,11.71,15.410106382760858,12.720405213082314,consider
112083963,other,0.23230796704968548,12.000081160102898,16.990000000000002,12.167011542476786,9.340517825973945,consider
129352408,cc_to_pl,0.604384458263024,15.728261989168537,36.0,204.6996819815996,80.98237558053724,hold
96537480,pl_refinance,0.5214210301644241,12.669289455546911,17.740000000000002,21.04097381502703,10.069767572732964,hold
109678183,other,0.3498078146615093,10.006786215381899,14.93,49.30981293207071,32.06085502893522,consider
103387607,pl_refinance,0.6773954727611563,15.707437740055711,20.990000000000002,33.62667260972546,10.848116819875857,hold
112887575,pl_refinance,0.7004466523485415,16.935241955930074,22.09,89.49440079403394,26.808347353914208,hold
132268452,pl_refinance,0.3761220646457875,13.401499625644487,18.58,12.78176290630364,7.974259852171775,consider
134550217,pl_refinance,0.43142326144914767,11.052350739946867,16.05,75.29693598072504,42.81208628279297,consider
108778619,pl_refinance,0.7457960685801484,17.850140992074234,23.06,49.877629695267274,12.679089558440477,hold
117223332,cc_to_pl,0.2097068812252322,7.209691817507961,36.0,74.1536629911439,58.603129593844194,consider
140248711,cc_to_pl,0.15117075035334057,6.045437367699283,36.0,185.36192384655544,157.34062273173288,consider
136528906,cc_to_pl,0.6034435357963404,17.573350147480635,36.0,57.75325817193573,22.902427856903945,hold
110857199,pl_refinance,0.4368117247741523,12.557505636563532,17.619999999999997,44.220183754008985,24.904289018590372,consider
125328716,pl_refinance,0.08601877787438254,5.4473409045814005,10.32,17.041290544603243,15.575419558554202,consider
136543766,cc_to_pl,0.581846412463984,16.264009138030342,36.0,194.59594433277113,81.3709922427071,hold
129080270,pl_refinance,0.18673343413475244,6.204078483547652,11.07,53.20963537557327,43.27361743283447,consider
104028715,pl_refinance,0.45550218794428826,13.363612346632124,18.490000000000002,15.448486886129388,8.411667309068807,hold
116271626,other,0.48845970579088877,15.713237295355526,21.02,40.55927292796821,20.747702406480496,hold
123606226,pl_refinance,0.4420130975488515,12.558768406307472,17.619999999999997,29.922340079713706,16.696273855169306,consider
108253457,cc_to_pl,0.36038741002546926,10.019545137156781,36.0,117.73409213681322,75.30420759992714,consider
113064208,other,0.47183422970339156,14.941348195940503,20.05,31.876032048234038,16.83582902075491,hold
134447848,other,0.5409111745414281,15.271049165635995,20.490000000000002,13.077561260725275,6.003762239048887,hold
130890699,cc_to_pl,0.5092359761691166,15.747053824778229,36.0,57.60777787439528,28.27182487359396,hold
125822898,pl_refinance,0.411754679955188,12.550439145331824,17.619999999999997,17.98215717148696,10.577919800437458,consider
110791204,other,0.6918682655695052,22.271921138746507,35.84,185.87686671478025,57.27456133133114,hold
96993676,pl_refinance,0.7091479960568485,18.55766001983007,24.99,93.98224811690056,27.334925199883003,hold
102348619,pl_refinance,0.5597615038556982,18.55656762570051,24.99,44.44357514049483,19.56577268312772,hold
99224756,cc_to_pl,0.6358273497361253,18.54216221458901,36.0,260.0287327128392,94.69535273679134,hold
139871375,pl_refinance,0.12485050192993796,6.083976308383811,11.11,38.35355941637329,33.565098272439386,consider
124888666,pl_refinance,0.5545121134589258,13.400747442609205,18.59,47.005245521906204,20.940267483898285,hold
123996786,cc_to_pl,0.3039254976043619,9.39731153497057,36.0,159.21773974386082,110.82740896476612,consider
95922024,pl_refinance,0.3133039916253874,8.318969163070077,13.24,31.59872739315955,21.698719970600187,consider
115700725,other,0.17685433476461526,5.409069794057656,10.32,11.313641650052375,9.31277508226712,consider
128947434,cc_to_pl,0.388330706165452,12.059338552969905,36.0,165.19350905354582,101.0437970288334,consider
125259773,other,0.4300429250063141,14.944061591635013,20.05,31.859445723347164,18.15851649539905,consider
127605309,other,0.46275689560635014,13.68876725178288,18.59,50.51530108194021,27.138997172641457,hold
103507140,cc_to_pl,0.15870428491979163,7.508784988455451,36.0,131.61768909769762,110.72939786665206,consider
139649766,other,0.3215734971109551,11.471605195164315,16.55,16.117212600925683,10.934344181165258,consider
102714416,pl_refinance,0.5809740890615788,17.8687045728106,22.99,68.13514224282972,28.550390045220627,hold
124853984,other,0.15500292873206473,6.202623008875252,11.08,99.24545292619291,83.86211705929276,consider
103755043,pl_refinance,0.3746572832192688,11.688023648984606,16.490000000000002,36.823161203171026,23.027095667245792,consider
128699433,pl_refinance,0.6149895261086011,18.553657566248805,24.03,48.123110324913114,18.527901511322867,hold
109679874,other,0.49248307349291115,13.400681799461882,18.59,18.802699944933153,9.542688486087483,hold
114176837,cc_to_pl,0.3454493592946648,9.474198962748728,36.0,95.28231735876867,62.367101875071114,consider
123985661,other,0.5347643059683176,14.937930461714604,20.05,12.770620455062556,5.941348470626228,hold
111674833,pl_refinance,0.49005558447867476,12.55523262079455,17.619999999999997,29.942809957048325,15.269168722613127,hold
96992498,other,0.4423370992601541,14.218054907783143,18.990000000000002,29.123577121975813,16.241138497761646,consider
121870730,cc_to_pl,0.16111211512520898,7.007104684778475,36.0,498.17576310539425,417.91361220736917,consider
113875986,cc_to_pl,0.5720863791190022,13.39768197145324,36.0,113.71464128824425,48.66004390083641,hold
98033289,pl_refinance,0.6022456237033391,18.21586698084802,23.99,122.13445644600802,48.57951454801361,hold
144999031,other,0.2567107675003435,10.049811378161701,15.33,20.72520160188344,15.404819192064595,consider
118136851,pl_refinance,0.6559073318663338,14.782311958256914,20.05,76.65820193247669,26.37752523727527,hold
99776420,cc_to_pl,0.6596006359014398,15.826246067055708,36.0,364.76528486529685,124.16587101337721,hold
109760708,pl_refinance,0.5407656443648768,14.948649246118993,20.05,31.83140167444202,14.618073236925161,hold
136739386,other,0.29282989356502315,11.512122766296224,16.55,27.912108079890004,19.738608441680395,consider
140405737,pl_refinance,0.8406560545630183,10.459518272429586,15.47,14.109210549086697,2.2482172758925576,hold
124772684,cc_to_pl,0.40893718390894696,11.052166483031344,36.0,273.2217777373004,161.49123336681254,consider
102914416,pl_refinance,0.6507217280837091,17.86978509755253,22.99,13.624209888400571,4.758640486045394,hold
132621039,cc_to_pl,0.5155030506636715,15.67020953231232,36.0,54.046811755352365,26.185515416823037,hold
109042993,pl_refinance,0.5333488679993351,14.262455904587508,19.08,29.45557848355469,13.745479043085224,hold
110716012,other,0.1733605993901865,7.316013362554093,12.35,33.751998901924026,27.900732141669558,consider
100719272,other,0.33262039082668426,11.395447489143548,16.39,12.117880188187627,8.087226144001724,consider
127343066,cc_to_pl,0.15827930711384425,6.2036245435078055,36.0,134.12140567696912,112.89276251728364,consider
95825822,pl_refinance,0.5667071914134371,14.73541363596048,19.990000000000002,96.35978649247966,41.75200252412806,hold
111859328,cc_to_pl,0.5307772905228209,14.067626846164439,36.0,233.26581670198527,109.45361854131257,hold
105193299,pl_refinance,0.454807880889702,12.673480363103755,17.740000000000002,30.033311340379555,16.373924653560874,hold
122359404,other,0.6114080708717531,15.81648798712076,21.02,128.69283708272792,50.00899782696443,hold
127588983,pl_refinance,0.2779193155743154,9.349211626000056,14.44,12.14606670311602,8.770440158066034,consider
110508534,pl_refinance,0.430932329904536,12.0516752403891,16.990000000000002,34.55772711054834,19.665685250594596,consider
98826882,pl_refinance,0.3468754563074638,10.476862008551286,15.49,45.19177529835588,29.51585762039431,consider
98207465,pl_refinance,0.5406585736402056,12.67023860614982,17.740000000000002,75.1307703438373,34.51067521324836,hold
111835534,pl_refinance,0.5967951347574467,14.078723250116825,19.08,149.67690559377547,60.35045654986061,hold
96310761,cc_to_pl,0.39416116627183473,11.554164602822544,36.0,151.95897083065643,92.06264566257717,consider
113195195,other,0.23979566084730228,7.9369532899714965,12.969999999999999,11.861075158475103,9.016840802489044,consider
118048752,other,0.3927821966589134,9.360108816275293,14.44,53.626512271256956,32.56297298219648,consider
112830001,other,0.43142442376027756,10.017066463130249,14.93,11.779293147505769,6.697418389039706,consider
136589388,cc_to_pl,0.7227644552536155,20.115540524627015,36.0,232.59737761724045,64.48426069029615,hold
111661064,cc_to_pl,0.46178246900105085,13.394743921942855,36.0,122.47750105773679,65.91953822221629,hold
121769163,pl_refinance,0.5680638840191159,13.696285599966252,18.59,50.44010243764933,21.786901936596177,hold
134652258,other,0.11978271495748889,6.921846778607831,11.83,11.458982270557442,10.08639426354034,consider
127021345,pl_refinance,0.7967023465217004,24.84718335053374,34.69,290.933726597392,59.14614393494697,hold
108835961,other,0.35677440246151915,10.014177734133204,14.93,13.67769321316274,8.797842389984629,consider
131462426,pl_refinance,0.666103158172133,14.735017102229852,20.04,40.932271808552684,13.667156285715578,hold
137406941,other,0.5809311353199366,23.61636930402479,35.75,33.14906525563674,13.891741141885026,hold
109980862,other,0.18197340743286788,5.406106362896994,10.32,11.320319143582282,9.26032209579709,consider
119238295,pl_refinance,0.512963943766803,19.063225482573383,26.45,94.39084393572762,45.971744374979956,hold
97429064,cc_to_pl,0.327931863086656,8.351011729429601,36.0,323.90227887223114,217.68440110364676,consider
96993146,pl_refinance,0.33559239743966546,11.49694319394232,16.439999999999998,28.46820299670594,18.914490502242323,consider
132725866,pl_refinance,0.33519047423022197,12.033472973400904,16.98,45.785560334905654,30.438676653352186,consider
114159396,cc_to_pl,0.8047865751548736,19.085192610818464,36.0,186.36929587275165,36.381788533294525,hold
127230121,pl_refinance,0.16288435846131996,6.744043336821696,11.719999999999999,51.375720805723745,43.007419481795544,consider
113073861,other,0.14640329412518804,5.3886541459317465,10.32,32.02055468436794,27.33263999886075,consider
111701433,pl_refinance,0.22406641993213397,7.320788629271616,12.35,14.48967447125554,11.243024986499275,consider
122286424,pl_refinance,0.26754886865021665,7.92742827697741,12.969999999999999,21.439937265792707,15.70370630639825,consider
134934874,pl_refinance,0.6211030927514074,17.139115770143245,22.47,75.78511889435686,28.714747164538693,hold
107953766,pl_refinance,0.3347354546141631,11.562739088252657,16.490000000000002,42.616420043586686,28.351193306268563,consider
129107305,cc_to_pl,0.40598190789105315,11.04645606285435,36.0,147.36376670784443,87.53674354578169,consider
134975359,cc_to_pl,0.7877108940013697,23.405893776094505,36.0,165.5572234944501,35.14599496725224,hold
97387603,other,0.6666578637740188,16.92141688877375,21.99,50.14417485732184,16.7151663662288,hold
112830287,pl_refinance,0.7855840008118085,23.50988954872904,31.3,337.730130687341,72.41474342728473,hold
121897152,pl_refinance,0.7176509019726076,14.781693538797997,20.05,56.94090961580417,16.077214470881582,hold
96526682,pl_refinance,0.5082667459203781,13.046017130196386,17.740000000000002,60.4785118268951,29.739295422532024,hold
96330082,other,0.1883448889985196,5.4149694709548495,10.32,29.402780662253463,23.86491720217352,consider
118645965,other,0.5149870064143969,15.709998336137975,21.02,50.72914719872199,24.604295544896864,hold
109251492,pl_refinance,0.6067417578882257,14.775591556488829,20.05,65.14787027178147,25.6199369404067,hold
118273574,other,0.4582682703376677,15.738845359805488,21.02,16.820082931421155,9.111972619502655,hold
129003267,pl_refinance,0.6287727631036172,14.261410347942544,19.08,85.58547415618727,31.771659089468184,hold
121396122,pl_refinance,0.4305813007306929,10.35473746589982,15.42,20.510440490059864,11.679028345290417,consider
97640216,pl_refinance,0.3398786557966478,7.935313938314193,12.99,42.99920854165509,28.384695342197624,consider
120186813,other,0.35665666680549374,7.314647930094147,12.35,92.31489325695861,59.3901711314268,consider
102486968,pl_refinance,0.4123622482891253,10.481247119530009,15.49,42.330846804678686,24.875203644318844,consider
96282044,other,0.4369712838476805,15.736044963339548,20.990000000000002,41.391525593779875,23.30461751465176,consider
132321588,pl_refinance,0.5079774395906097,13.395894515419663,18.58,31.29895828081675,15.399793591474145,hold
132331240,cc_to_pl,0.3048698417030135,9.479242037575563,36.0,152.40678613595122,105.94255337221873,consider
95944142,other,0.12815114553409584,6.754492624967747,11.99,51.62154176512058,45.00618205368421,consider
143731854,pl_refinance,0.5985180270925134,13.538494431507134,18.560000000000002,147.611645436451,59.26341463394673,hold
138306183,pl_refinance,0.42192484026264965,11.519853460340409,16.55,43.547141754660174,25.17352092593022,consider
120197237,cc_to_pl,0.6231711265397646,20.936013605576324,36.0,402.80785242128695,151.78962924885033,hold
121221310,pl_refinance,0.22579048514421896,7.929771014915235,12.969999999999999,11.877631974800664,9.195775688845934,consider
118317360,pl_refinance,0.46374945870452783,15.69324288679766,21.02,20.354922885435315,10.91533841534228,hold
124961034,pl_refinance,0.4324874701519317,12.563690393580048,17.619999999999997,29.893843989090442,16.965131029132188,consider
125198105,pl_refinance,0.20721085905773481,6.20902817445402,11.08,59.47091777267724,47.147897812048875,consider
109992332,other,0.19858329364978877,5.393734629090823,10.32,25.5906322780437,20.508760233689184,consider
125081612,other,0.27790417724958255,9.45500938906509,14.44,30.161964961785486,21.779828904849754,consider
117220638,cc_to_pl,0.13872578420870887,7.00909953010403,36.0,116.23641357224142,100.11142594582442,consider
121894369,cc_to_pl,0.6336266610243511,14.784330013311177,36.0,266.99621254932873,97.82029388554963,hold
108481625,other,0.4679003892932461,14.761849881903542,20.05,40.8214857191291,21.72109665961991,hold
107581255,pl_refinance,0.6977355826490128,21.017798770337347,29.85,128.50396172049477,38.842175116738915,hold
119242301,pl_refinance,0.12302436237571703,7.21844008895886,12.21,83.40991455045423,73.14846299707156,consider
113835938,cc_to_pl,0.3867313995285425,12.048068265727023,36.0,105.1682117896757,64.49636205834025,consider
108795384,pl_refinance,0.25550126832170716,7.93508819446147,12.969999999999999,11.865374739528988,8.833756444466985,consider
100046497,pl_refinance,0.5268996579713379,13.363396659099077,18.490000000000002,77.24288493970676,36.54363528425586,hold
125281924,other,0.527773378984894,14.951294219558582,20.05,30.543173608768996,14.423299668346745,hold
115071599,cc_to_pl,0.4584486607527489,11.04025835342871,36.0,92.13717686162235,49.897011523872415,hold
128666756,pl_refinance,0.6495494441989785,14.744532230011588,20.04,81.72228839480886,28.63962138929213,hold
112061952,cc_to_pl,0.8610434671555062,24.99695156640222,36.0,221.94001808552855,30.840015412609304,hold
119416735,pl_refinance,0.5311495194995204,12.559604977433775,17.619999999999997,59.834100845802254,28.05324693186854,hold
103707739,pl_refinance,0.6814045116220612,22.177602294267267,35.84,96.42267226932086,30.719828362350217,hold
100475125,cc_to_pl,0.6082719478193415,14.745005879261047,36.0,370.354929941417,145.07841532145554,hold
133447518,pl_refinance,0.7103277138601766,21.02773589823194,28.87,87.6774602876801,25.397730364465875,hold
99626993,pl_refinance,0.4102815508871465,11.558083762405856,16.490000000000002,42.655860299322626,25.154947781291078,consider
126735213,pl_refinance,0.5611051681655769,14.060043204219616,19.08,39.43375716602793,17.307272219983307,hold
102416507,pl_refinance,0.1493883346884786,5.4031231972977585,10.32,19.648157031873097,16.712951573183854,consider
97335735,pl_refinance,0.19054329672589504,7.509160541707647,12.49,26.18245332471173,21.193562351849284,consider
111669470,pl_refinance,0.47018284247968184,15.723999293477712,21.02,45.875133689577865,24.305432932276727,hold
103608826,pl_refinance,0.6509799254193953,18.537511913593864,23.99,71.78594153535505,25.054734668508548,hold
97830840,pl_refinance,0.4595944770993934,13.367476336541824,18.490000000000002,42.605298325260605,23.024138519798797,hold
115695181,cc_to_pl,0.12074912349367102,5.408702016997876,36.0,135.7261258383876,119.33731510821059,consider
98838629,pl_refinance,0.45162627084869433,11.530624726826323,16.439999999999998,107.29548000336649,58.83802249052543,hold
120217254,pl_refinance,0.12115639139226712,7.005729371557374,12.07,25.032609849692165,21.99974917317294,consider
104070426,pl_refinance,0.513416045155901,18.227339209135394,23.99,32.81837519470753,15.968894793798267,hold
102615793,pl_refinance,0.8187737373241429,22.738160331155516,28.99,82.2716929390549,14.909791435360619,hold
109779098,other,0.6596834985541133,19.380865055372478,25.0,81.40994191827372,27.705146616539746,hold
125122562,pl_refinance,0.5766757740412892,17.181746342063803,22.09,24.0366789214022,10.175308499020645,hold
122325871,cc_to_pl,0.5311729223401848,13.404513603291605,36.0,275.09741270140535,128.97311606857602,hold
98043022,cc_to_pl,0.21740553218678416,7.504452847443516,36.0,145.2106558468082,113.6410559332409,consider
97535071,pl_refinance,0.6547500292513581,15.844943485592918,20.990000000000002,96.397740592285,33.28131711972157,hold
123954204,pl_refinance,0.3606882934363182,9.397914465050471,14.44,44.36302422802987,28.361800727547738,consider
124839040,pl_refinance,0.7186439359627651,18.558266600222055,24.03,168.28777759376067,47.34878672935407,hold
99936575,cc_to_pl,0.5487520703024034,14.884540076314746,36.0,55.97490093801849,25.258558163308905,hold
109343937,pl_refinance,0.42934730505397734,10.34408247515212,15.42,19.982025112974043,11.40279648119774,consider
117836584,pl_refinance,0.7350173791127336,21.043838549456822,29.85,100.10701237684964,26.526618508811637,hold
118162086,other,0.45121276576311137,12.55315276994466,17.619999999999997,29.954850643549037,16.43883963665236,hold
115699587,pl_refinance,0.4251384562778064,12.056327520432246,16.990000000000002,37.40298662524481,21.50153863120879,consider
116774077,pl_refinance,0.7876349066969306,20.617167720396576,26.45,99.35788539151736,21.10014660156526,hold
133414900,other,0.5258008440534455,17.47428577953905,22.47,12.724041671065748,6.033729820648165,hold
97445296,pl_refinance,0.42755862472345396,14.901069034588776,19.990000000000002,79.28409763628883,45.38549788847713,consider
110089600,pl_refinance,0.5130561277948646,13.398236799683367,18.59,94.05409465898492,45.79906504999446,hold
136625844,pl_refinance,0.6459567274855598,14.727084828607982,20.02,46.937422783216505,16.617878765563816,hold
121297885,pl_refinance,0.3725782775992583,10.347263468293171,15.42,81.51744886722724,51.14581817399011,consider
127169750,pl_refinance,0.5523518992610117,14.952387726399554,20.05,95.42564338899501,42.717108024879614,hold
132586553,pl_refinance,0.353307202731927,9.460627805157573,14.43,40.99420055774931,26.510654230459295,consider
122223775,pl_refinance,0.755842950586055,12.988486725492391,17.619999999999997,56.145446937214274,13.708306662217453,hold
131774701,cc_to_pl,0.42233502602653344,12.981664977399499,36.0,231.92894310266348,133.97722688109369,consider
97366275,pl_refinance,0.1414442285153295,5.386521598583464,10.32,73.92389576530115,63.467787359930504,consider
117008938,pl_refinance,0.6013657204639021,15.667762587710643,21.02,68.16486809434434,27.1728530824621,hold
129698424,pl_refinance,0.4119947511382511,12.557640343971942,17.61,29.86407786097243,17.56023453466774,consider
117277502,other,0.5623005574381196,17.87087555075016,23.06,34.562183981708415,15.127848662514927,hold
124072912,other,0.3052723176596839,9.414390621823255,14.44,38.69351296805348,26.881454585900762,consider
106468505,pl_refinance,0.2788861790096855,8.320304398575836,13.24,65.81340820264359,47.45895826140362,consider
123051520,pl_refinance,0.3075914375213562,9.441824471175906,14.44,41.23626901839134,28.552345753006982,consider
112927520,pl_refinance,0.5308071538733514,13.6944380677965,18.59,54.06332487186921,25.366125267701946,hold
134540915,other,0.6507597184430306,21.123132377068252,29.84,33.0350645804549,11.537175255330737,hold
117554839,pl_refinance,0.3399251155520323,10.358792698572707,15.42,28.464158551577952,18.78847616684145,consider
123053059,pl_refinance,0.24961833200858108,7.92678803151245,12.969999999999999,26.80260827927401,20.112185907122246,consider
119979151,pl_refinance,0.5493234658535744,14.256122386399317,19.08,70.78383508584318,31.900613470079964,hold
129224073,pl_refinance,0.8366079033835779,19.180710839974186,26.85,126.146247691177,20.6112998905559,hold
95706606,other,0.12837745280591356,5.4143618525393205,10.32,61.262808391631665,53.39804509857724,consider
97182783,pl_refinance,0.25956852314856116,8.311589536857133,13.24,26.371341206411955,19.52617111601681,consider
130011781,other,0.1695147033413624,6.209491589580708,11.07,14.83354606328163,12.319041902864011,consider
135361537,pl_refinance,0.29455056053855644,12.59052267688215,17.73,36.539785284611355,25.776971047070585,consider
117188256,cc_to_pl,0.2947462918608915,11.035535070477367,36.0,153.5898644075939,108.31982140603847,consider
113129940,pl_refinance,0.23577154938850392,7.934926787693961,12.969999999999999,53.52059344382326,40.90196020338084,consider
129366903,cc_to_pl,0.2331896635610229,7.926558581644863,36.0,98.09779824392447,75.22240567534662,consider
112158535,pl_refinance,0.3481829733744022,10.019515977317353,14.93,28.69193364814464,18.701890878672582,consider
96762123,other,0.5878120576560539,18.231022978483356,23.99,70.28096923248938,28.968968093877983,hold
102647177,cc_to_pl,0.23380684235163407,7.921252072599326,36.0,114.51982205731866,87.74430407542597,consider
111415109,cc_to_pl,0.2004988624759507,7.930406564726642,36.0,196.20291378704513,156.86445275827555,consider
119410485,pl_refinance,0.7190028066038291,23.46053050531874,33.72,68.58493794161416,19.272175070844135,hold
125083875,pl_refinance,0.28686744891866284,9.651672981749462,14.44,91.39212533119291,65.1746994861789,consider
108257032,cc_to_pl,0.3067527088137319,9.5956698621728,36.0,303.710589219728,210.54654328116183,consider
125621564,cc_to_pl,0.7193201003477594,14.7755866791462,36.0,249.28554170869484,69.96944083155091,hold
105052141,other,0.36234727389190735,11.55084958718609,16.490000000000002,14.239336456763226,9.07975170962542,consider
102473867,other,0.13449994145514013,5.403395808549927,10.32,14.735318654240814,12.75341915792259,consider
113638568,other,0.29214485219138087,10.348557475415712,15.42,14.260685882216876,10.094499913008915,consider
125910043,pl_refinance,0.33359997269818964,12.038610191752836,16.990000000000002,20.21091723937826,13.468555800116302,consider
109343130,pl_refinance,0.4926133465095187,14.08165466129426,19.08,130.89422883037219,66.41398472745982,hold
104611663,cc_to_pl,0.4026016117160262,11.492698338086944,36.0,106.53846722502658,63.645908610475836,consider
110758368,other,0.33231067144824794,12.047372772743746,16.990000000000002,12.05405179219187,8.048361747456633,consider
122975906,pl_refinance,0.49091373610984185,15.734325812014756,21.02,40.4014517725185,20.567824138609847,hold
111418975,other,0.30941995045385445,7.926441272680267,12.969999999999999,12.86608301777207,8.885060247877858,consider
118187683,pl_refinance,0.499510905250883,14.787881748431273,20.05,81.2518113747492,40.66564552167423,hold
115362386,cc_to_pl,0.6607435416391475,9.431321115510665,36.0,238.5545402346554,80.93116844591069,hold
121292007,cc_to_pl,0.6470323383498182,21.01860412042429,36.0,250.1624716010656,88.29926263365813,hold
133982621,pl_refinance,0.5132646162739778,13.006201336132413,18.060000000000002,19.61407138638259,9.546862562680523,hold
117843648,cc_to_pl,0.7125276486868093,14.787557455769226,36.0,411.1146553169591,118.18409662327818,hold
118105410,pl_refinance,0.5963372549529936,15.7427688803391,21.02,108.40793438497553,43.76024437871497,hold
131487903,other,0.25039098021317274,9.461262187764934,14.43,57.3843674844868,43.01583946113323,consider
131791374,pl_refinance,0.6025900330837584,17.48284968062265,22.47,39.3868520041118,15.652727551888978,hold
96973995,pl_refinance,0.6140239716911196,17.867984570879013,22.99,20.4438311466634,7.890828749406524,hold
104511649,pl_refinance,0.23602447485129754,8.310116946636658,13.24,65.9467946330783,50.38173706167963,consider
111529134,pl_refinance,0.6651804952925647,18.235673108978077,24.03,35.382520033445815,11.846757832899234,hold
112028194,pl_refinance,0.8563505516882963,26.17792319702955,35.989999999999995,414.01327004974155,59.472777836369765,hold
110241391,pl_refinance,0.35706156887937396,10.019758424525028,14.93,25.889897469995617,16.645610061232848,consider
132531172,pl_refinance,0.6425744504397571,14.754012272768678,20.04,81.58054108419412,29.158969730440056,hold
98897616,cc_to_pl,0.8791478533748384,26.23857766387703,36.0,211.24218671569588,25.52907172238505,hold
102794126,pl_refinance,0.5218752106246262,13.579873864620465,18.490000000000002,125.53597825140014,60.021863160482205,hold
99252824,pl_refinance,0.4704899246362297,13.357462851355043,18.490000000000002,24.746065129115152,13.103290811474531,hold
125715346,pl_refinance,0.7391782491023395,14.772027220211397,20.05,162.97632067883183,42.5077693143115,hold
130918533,pl_refinance,0.5751636308362322,15.72479673522281,21.01,67.31406426965953,28.597462657978664,hold
96819892,other,0.20027920923692008,7.194900850213977,12.24,13.179144695202439,10.539636017228343,consider
125987282,other,0.5207691262059825,12.004412614037927,16.990000000000002,69.40115867413738,33.259177913724116,hold
114004058,pl_refinance,0.3003176306350979,10.358489916461956,15.42,56.93165027437067,39.83407195582565,consider
123873483,other,0.4764370086918895,11.959639438251761,16.990000000000002,112.00867037829835,58.64359451570604,hold
125852668,cc_to_pl,0.7853479510132648,18.548682993807073,36.0,260.1590998716315,55.84368384999038,hold
96276947,pl_refinance,0.31101913617491384,7.928522622967992,12.99,26.909929549802314,18.54042650669501,consider
122985079,pl_refinance,0.2163257720428775,7.211677822824947,12.21,15.660031331525005,12.272362963517207,consider
96372930,other,0.1358483443591037,5.402629207978179,10.32,12.281712668238725,10.613262336364265,consider
130830548,pl_refinance,0.3543180510797195,12.039835267400939,16.98,28.801910152377502,18.59687347981392,consider
102576442,cc_to_pl,0.1589085348919883,5.392880474868197,36.0,509.2048592377063,428.2878610963612,consider
99862191,cc_to_pl,0.5957845489832386,17.85401431005203,36.0,417.6061834327156,168.80287178364352,hold
119320778,pl_refinance,0.7186534013288748,14.074424116096747,19.08,52.43116211638227,14.751329125818506,hold
127038677,cc_to_pl,0.5068556753069333,14.928771772462524,36.0,69.7685464077357,34.40596270305971,hold
118378135,pl_refinance,0.15164267291911712,7.297617473394974,12.35,21.17038981209822,17.960055314252003,consider
119985331,pl_refinance,0.7550799644627051,22.673662100165107,28.88,79.37182940567425,19.439751278697845,hold
111062987,pl_refinance,0.14061090928480416,7.3014327448767276,12.35,11.833106787749927,10.169242882660221,consider
131232165,pl_refinance,0.22781122060453377,8.12395058170753,12.34,74.7704177062559,57.7368775834829,consider
124434231,pl_refinance,0.24934550002550304,6.744588162809321,11.719999999999999,12.842763433517035,9.640478163477484,consider
112857207,other,0.557066260536221,15.646173827783446,21.02,14.371975321092549,6.365832772452669,hold
122675840,other,0.5744906382191813,19.121645201587594,26.45,34.99525985369468,14.890810685699527,hold
111386519,other,0.35570600692237575,11.057624583112096,15.91,13.81126189526762,8.898513075942812,consider
125334227,pl_refinance,0.1568471354350217,6.730280163974749,11.719999999999999,15.454664464212243,13.030644613891129,consider
98908329,pl_refinance,0.29851431182190863,8.316444520763001,13.24,15.807716087486597,11.08888659815442,consider
119236381,pl_refinance,0.7014724978755377,19.11028552521652,26.45,19.094575829858314,5.700256026613735,hold
97173133,other,0.4091905936648471,14.873488410762517,19.990000000000002,12.775404908613211,7.547829389748969,consider
135894630,pl_refinance,0.5882805858840713,15.93638248183947,21.46,66.95094596364004,27.56500424665708,hold
125165343,pl_refinance,0.35160409391078085,10.322651842518443,15.42,87.1809320109769,56.52775940495998,consider
126274025,pl_refinance,0.35795635434083123,10.017365528268758,14.93,38.27203437936407,24.572316479719948,consider
109606193,pl_refinance,0.5816234998189033,18.234086858916037,24.03,107.84451038072962,45.11960881683361,hold
127097330,pl_refinance,0.5943314851826665,16.918108550382062,22.09,64.13061340372622,26.015770693814193,hold
135929703,cc_to_pl,0.7195719280551227,18.57852657765314,36.0,230.40582362475243,64.61226088396079,hold
123620742,pl_refinance,0.16896560149097542,6.726610402363,11.719999999999999,64.43991877177723,53.55178913647429,consider
126568355,pl_refinance,0.6911729588003925,15.788937372884769,21.02,49.23806176651078,15.206044929755043,hold
98785615,cc_to_pl,0.4710529513067674,11.684259161016547,36.0,326.1800007856416,172.53194875832142,hold
121854023,pl_refinance,0.4303385086887657,12.044845964951078,16.990000000000002,28.837118615898135,16.42739599585149,consider
125966219,cc_to_pl,0.4848722735934862,9.34684457923014,36.0,510.3655911996484,262.9034666307911,hold
123874649,cc_to_pl,0.8954136098376475,24.894606331334717,36.0,330.1621718259303,34.53046971943641,hold
97142910,cc_to_pl,0.6825235144798864,14.736740675515767,36.0,445.2868869700561,141.36811592344552,hold
109780293,cc_to_pl,0.22372133170920538,7.934620551493835,36.0,447.1123504384758,347.0837799747471,consider
110876467,pl_refinance,0.3394753462918093,7.924961720899302,12.969999999999999,11.88871792626216,7.852791291278672,consider
119405371,other,0.6188569951211375,15.740912510603549,21.02,50.43995225976937,19.22483497023487,hold
95640237,pl_refinance,0.647127504491876,15.832406231653522,20.990000000000002,74.01117845951603,26.116509238506538,hold
121294085,pl_refinance,0.6548391559734905,14.775976380432263,20.05,61.07287900242625,21.079966463606333,hold
98797789,cc_to_pl,0.3471278456095781,10.469502021859022,36.0,124.63043457239866,81.36774032189643,consider
119790578,pl_refinance,0.6230429749294715,18.22584432096281,24.03,39.37888475526995,14.844147247941748,hold
98886750,cc_to_pl,0.49713142735774274,14.896977558283966,36.0,195.45880577588503,98.2900906708795,hold
128742090,pl_refinance,0.5400070420057045,13.394882352631555,18.59,22.587370897846256,10.390031552614566,hold
131975181,pl_refinance,0.28834784970660876,10.362602805177865,15.41,28.38226120817194,20.198297218984266,consider
113875737,other,0.3465636018736998,10.010934382356398,14.93,11.793689780996374,7.706426171113225,consider
96222476,pl_refinance,0.6147758008902825,17.867732176522402,22.99,61.33351352047657,23.62715362451062,hold
98185190,cc_to_pl,0.3533252047408563,11.573472882267016,36.0,157.16456615922175,101.63436364300685,consider
105487275,cc_to_pl,0.47662940101578327,17.867852892323683,36.0,252.91364760652095,132.36756723910798,hold
101312325,other,0.6242081873619523,21.08511549832692,30.49,151.68296489523004,57.00121632429186,hold
107367283,pl_refinance,0.6350734187460262,14.742477879948655,19.990000000000002,141.52084949308437,51.64471978166945,hold
121307694,other,0.5453315220405671,17.874983071232233,23.06,13.256444331893192,6.027287367535829,hold
122675138,pl_refinance,0.4318007300695201,9.387937436329123,14.44,15.27953347717255,8.681819766607768,consider
97579905,pl_refinance,0.628117395448361,14.900787325815385,19.990000000000002,27.909969799870453,10.379232262133412,hold
114134288,pl_refinance,0.4780489753863913,9.99311925500295,14.93,109.87539261706979,57.34957375630212,hold
110004945,cc_to_pl,0.5279642563936138,12.551115546590184,36.0,178.4388719631753,84.22952561542219,hold
117997967,pl_refinance,0.3954084333164538,13.401295673582041,18.59,22.56007367237936,13.639630286080061,consider
124720715,cc_to_pl,0.5697216021118311,9.351066611974904,36.0,111.62906766604533,48.03157639309598,hold
125799483,pl_refinance,0.5512360750622746,17.173289245934114,22.09,20.866877819984552,9.364301991692235,hold
96643191,cc_to_pl,0.33446435098658767,10.466129561488303,36.0,233.7045708056463,155.5387232085368,consider
115052881,cc_to_pl,0.6435460840299065,16.934617754281813,36.0,236.68910258462915,84.36875748373824,hold
131488476,cc_to_pl,0.5316290179665893,14.04048051743194,36.0,269.3866671678265,126.17289784810244,hold
113482166,pl_refinance,0.36040310337744663,10.0191156116502,14.93,24.594443961602394,15.730530031998189,consider
131306849,cc_to_pl,0.3813221767403288,12.546979392604268,36.0,148.7022933240359,91.99881114743567,consider
113483875,pl_refinance,0.44890919674875884,15.64545064407308,21.02,13.515473685623164,7.448253249731082,consider
110006383,pl_refinance,0.5793722190794056,14.770794462682888,20.05,45.645065963620766,19.199582806251954,hold
131058961,cc_to_pl,0.3869565063617601,9.344137724027606,36.0,239.2233155892618,146.65429714856427,consider
98377136,pl_refinance,0.41977145040681224,11.497919363463188,16.439999999999998,15.655001342429046,9.083478722797013,consider
127100529,pl_refinance,0.4305749821712294,12.549368561201778,17.619999999999997,14.988378834579265,8.534757885104664,consider
100107197,other,0.1749423212507969,7.200114275489442,12.24,26.330801115065015,21.72442964760247,consider
110480610,pl_refinance,0.3697232071096521,11.041231414276224,15.91,66.50990917463241,41.91965225001564,consider
103547249,cc_to_pl,0.298437066533344,8.326194366158502,36.0,285.26487064847765,200.13125946713217,consider
99688359,other,0.472829859184854,12.672221607227259,17.740000000000002,36.0489208510067,19.003914681259253,hold
126076557,pl_refinance,0.6202213180352133,19.14390107771735,26.45,114.14147494126996,43.34849891071224,hold
114236954,pl_refinance,0.554073950364959,14.935207429881714,20.05,15.956783845195929,7.11554558496846,hold
115200329,pl_refinance,0.38502745001925553,10.329922800059622,15.42,93.75775578253433,57.658446154057025,consider
120041157,other,0.3654343108154918,9.40676341114744,14.44,13.563318474015972,8.606816535092918,consider
122988033,other,0.3631953700839144,11.993281969256863,16.990000000000002,84.18955906761403,53.61230100485039,consider
113194299,pl_refinance,0.38194317239213393,12.058547182613847,16.990000000000002,71.89625207881784,44.435969476729596,consider
126172068,pl_refinance,0.5252749087965134,12.576391429500523,17.619999999999997,104.3692887011764,49.54672009750899,hold
135048190,cc_to_pl,0.7230516185356419,18.878908215104605,36.0,273.87198422090876,75.84840275841289,hold
96747514,cc_to_pl,0.21123727017197924,7.9218890384525045,36.0,72.51725172500454,57.19890543024033,consider
115367814,cc_to_pl,0.5013723074174197,12.001286226182712,36.0,451.517951992553,225.13935456165896,hold
97257637,other,0.3826883246483206,11.546377393314323,16.490000000000002,12.006791136735131,7.4119323522156595,consider
131912626,other,0.44125666057592966,11.051595652507226,15.9,55.185181727353665,30.834352725065777,consider
107710597,other,0.7465598130482817,21.060918693366617,29.74,136.56654392598762,34.611450423952355,hold
131704852,other,0.43853680473495493,11.039785283253563,15.9,27.658862889582622,15.529433535382836,consider
97560868,pl_refinance,0.4693835140651282,13.364571319289247,18.490000000000002,18.611989499805645,9.875828464643606,hold
116262989,pl_refinance,0.5959821211197753,15.826946314746822,21.02,149.15945935406808,60.26308838315167,hold
135705528,pl_refinance,0.8898471732640619,25.04335413870555,35.75,450.5935278467557,49.63415080123877,hold
107650635,other,0.6901711231606934,15.69284629035806,20.990000000000002,42.19632992435078,13.073641507202424,hold
138611805,pl_refinance,0.2697189351902143,8.524758388545546,13.46,90.97351069854335,66.43623226241667,consider
96490930,other,0.45183604329344945,15.744977614562815,20.990000000000002,46.74856829736052,25.625880168247555,hold
113179928,pl_refinance,0.4062752981200249,10.005808359716598,14.93,18.084007788594988,10.736922133078709,consider
134451790,other,0.2318927632427595,8.018121040635656,13.08,16.181072440022348,12.428798839674304,consider
117579717,pl_refinance,0.29066076731140383,9.466960507917394,14.44,16.41313970588618,11.642483924984033,consider
101482321,pl_refinance,0.5893301409579604,15.735635221654771,20.990000000000002,50.239667658373605,20.631917235583202,hold
138278968,pl_refinance,0.2792915215032734,8.54911351011118,13.46,79.24230034401603,57.11059771351643,consider
139373853,pl_refinance,0.42873185789690704,11.513496027248639,16.55,43.13192789884005,24.639896316094916,consider
111682792,cc_to_pl,0.24323355340715838,7.924046970360802,36.0,81.76948506306792,61.88040265090435,consider
97315629,cc_to_pl,0.2555293118284054,7.2000127053894065,36.0,198.59243566573082,147.84624724573973,consider
141104771,pl_refinance,0.7161559132346845,17.18552076941105,22.97,147.123534936125,41.76014541562939,hold
96564937,other,0.5148707105353165,17.114842561060517,21.99,28.590238385006217,13.869962033343985,hold
113838832,cc_to_pl,0.6236282109137428,15.669683589148253,36.0,116.32363214985384,43.78093354525216,hold
96531344,pl_refinance,0.3058230677176203,8.313975528805361,13.24,11.641283141228968,8.08111021880891,consider
121848467,pl_refinance,0.24985587529530165,7.202150162466531,12.21,47.06768853520157,35.307550018112146,consider
96312335,pl_refinance,0.5384370309154842,14.886361018735636,19.990000000000002,31.80361736870009,14.679372060325088,hold
128551198,pl_refinance,0.4915483656789942,12.555539295615473,17.619999999999997,104.7918339890632,53.28157925523472,hold
96725593,pl_refinance,0.3713134307557139,10.478076928204288,15.49,28.23805003894398,17.752882801132174,consider
137579965,pl_refinance,0.4188195627780693,10.424007875284756,15.47,28.413295362858946,16.51325142190222,consider
100137858,pl_refinance,0.4086141423136339,11.560131343599599,16.490000000000002,78.0290740951441,46.1452909082298,consider
119402277,pl_refinance,0.30862710910060387,10.00712743247841,14.93,16.435772095121166,11.363247267567546,consider
127018641,other,0.14025649396119988,5.43404665714571,10.32,85.43143014348198,73.44911727746603,consider
109748212,pl_refinance,0.5452058808250562,18.567220969506913,25.0,53.338433871112215,24.258006050583468,hold
125739106,other,0.36648038173538783,11.05567231621319,15.91,16.64867007855986,10.547259112782712,consider
125740609,pl_refinance,0.2956583423485102,9.459199537803993,14.44,109.58807743266243,77.18744811776128,consider
104001801,pl_refinance,0.6908313146828673,19.067826294652278,26.49,44.291642466144026,13.693588871794233,hold
139827652,cc_to_pl,0.3602253710220731,11.498149796204986,36.0,106.68320050025636,68.2532050182293,consider
133200070,pl_refinance,0.8366093821863626,24.626300131624507,33.72,230.97603763314328,37.73931748902524,hold
101312868,other,0.5896239719713806,17.0819554029781,21.99,95.93202646941404,39.36820398325451,hold
96276809,other,0.8265308661344641,23.44269811027183,30.49,98.81828558593202,17.141922410668794,hold
127184244,pl_refinance,0.2871367815429503,9.39583706310146,14.44,22.19045503541895,15.818759195575197,consider
96890783,cc_to_pl,0.7279439704589554,22.06875086664584,36.0,356.4764429424033,96.98156569182497,hold
138910052,pl_refinance,0.48879952463049975,15.512070084851805,21.14,21.536177149976822,11.009303996709923,hold
104144052,other,0.15739355853626436,6.757922479627808,11.99,24.437212978283355,20.590953066922754,consider
113217885,pl_refinance,0.630994345606857,12.562037326257697,17.619999999999997,12.933280369458544,4.77245358618204,hold
98857236,pl_refinance,0.33522410350122206,7.932878485728591,12.99,28.903909585573103,19.214622407068983,consider
107095278,pl_refinance,0.5636764534450625,18.539852000625142,24.99,106.26515833397411,46.365990759501564,hold
97356398,pl_refinance,0.8130594652220705,25.035682422557407,35.489999999999995,441.10302286968385,82.46003498741996,hold
126959221,pl_refinance,0.5787665284228397,11.034669762831285,15.91,20.81247683154561,8.766911867871174,hold
112028166,cc_to_pl,0.2481982820749294,9.454054029887924,36.0,79.45864628886423,59.73714678396867,consider
129756460,other,0.5531878711513364,14.221845802685952,19.07,59.26476043157675,26.48021377413885,hold
107093569,pl_refinance,0.1848765635163477,6.754991687616457,11.99,81.50019887201915,66.43272217866134,consider
119228066,cc_to_pl,0.33177547341610775,9.459460217204185,36.0,76.26692468798808,50.9634296436402,consider
110019315,cc_to_pl,0.6278924546961193,15.76344195949963,36.0,226.5908409283897,84.31616160620518,hold
138327035,cc_to_pl,0.6108746043710873,13.369560349862471,36.0,163.39989737139746,63.58304971036877,hold
117916135,pl_refinance,0.5136616250304047,12.556420979341391,17.619999999999997,20.95479383040498,10.19112037930206,hold
125112915,other,0.5102585260105655,12.560126521540706,17.619999999999997,89.74164666622778,43.95020631655741,hold
110728406,other,0.4132561564968471,12.045578264434722,16.990000000000002,12.058338943432773,7.075156137933493,consider
121321295,pl_refinance,0.9738391891968985,14.960144883363231,20.05,71.38333427777968,1.867445902535545,hold
129165703,other,0.18754191270965997,7.932477313000032,12.96,56.10055468115479,45.57934935217815,consider
125598986,pl_refinance,0.17158330041422643,6.732567963161182,11.719999999999999,12.873111325411855,10.664300397597932,consider
111246255,pl_refinance,0.5907179479768068,14.060230799782245,19.08,45.064596900806464,18.444130693160105,hold
131939520,pl_refinance,0.3741770753762937,13.386787082534747,18.58,22.574670597609042,14.127746375812483,consider
132911763,pl_refinance,0.3365459527387106,9.468242139425502,14.43,32.74634067415701,21.72569225326645,consider
96767755,other,0.8402611418088223,26.134756072686812,35.79,412.2252834793353,65.84839610052357,hold
127133805,pl_refinance,0.2248280221091106,9.462564958034834,14.44,21.903119723124178,16.97868463775512,consider
105792466,pl_refinance,0.3721378750640522,11.562785095347568,16.490000000000002,34.09316887965997,21.405809458583434,consider
103187598,pl_refinance,0.7933149618665737,23.53236456391568,31.24,213.56955981847773,44.14163261522114,hold
136290328,pl_refinance,0.29235664772121045,7.818108632206786,12.84,18.62742484616834,13.181573362463778,consider
110038963,other,0.10696721540435167,5.3837646382143864,10.32,49.30953145177591,44.03502817948614,consider
143449949,pl_refinance,0.25699297457516884,8.797677510045691,13.81,59.76968845103295,44.40929842657087,consider
108769449,pl_refinance,0.7936610847459674,24.55943484786779,33.72,338.3324424653215,69.81114917354182,hold
126067046,other,0.6757667977626909,15.78706864085339,21.02,166.96607539190632,54.13594528931376,hold
123071229,pl_refinance,0.7027890563716926,18.570037454888755,24.03,104.48106849301871,31.052916958103904,hold
113536155,other,0.18165561762864776,6.998879631607668,12.07,29.023956003189937,23.75159134940377,consider
102564336,pl_refinance,0.5875244068309149,20.540038433088235,27.74,29.032883959281833,11.97535603251399,hold
121429590,pl_refinance,0.6320512246352207,16.930637616628132,22.09,51.18449936979948,18.833273860777037,hold
139595339,pl_refinance,0.6989021545525381,17.203643840805686,22.97,78.2284530638608,23.554418670216386,hold
96645856,cc_to_pl,0.28840580475123384,8.34082623494479,36.0,324.00899617473567,230.56292088632156,consider
122316693,other,0.4454897758962553,11.053814922747364,15.91,41.463965189806686,22.992192629629574,consider
112536364,other,0.12081019509571134,5.428070499077517,10.32,25.53788180373482,22.4526453206944,consider
132644870,cc_to_pl,0.4935966431691673,13.400747727142662,36.0,145.74633821550378,73.806434918133,hold
108229152,pl_refinance,0.37810598595025313,10.012534609873766,14.93,27.9110155739761,17.357693511504998,consider
100123932,other,0.417077201989166,11.490488629445437,16.439999999999998,12.015824673833436,7.004298139278603,consider
129170960,cc_to_pl,0.4762064582827328,14.22710571431209,36.0,86.52019013456857,45.31871682063703,hold
125598085,pl_refinance,0.4212140267069922,10.010429427126756,14.93,47.90597099236811,27.727304047364377,consider
118639255,pl_refinance,0.28611811646524815,10.356973916912864,15.42,56.948338995950735,40.65438750660487,consider
130650435,pl_refinance,0.3575377754092991,12.042765992623002,16.98,14.393019295031621,9.246971194862898,consider
116787192,pl_refinance,0.41877100611864615,12.057383408347784,16.990000000000002,28.76549590397849,16.719340242767622,consider
127844413,cc_to_pl,0.7110215624234111,13.396230929250844,36.0,233.27375721894703,67.41108588875184,hold
112026663,pl_refinance,0.5314155321456425,15.729383544619386,21.02,33.69822161635409,15.790463243737488,hold
113036347,other,0.2801377419986881,9.410235927795162,14.44,23.235581360009746,16.726418063789808,consider
125488276,pl_refinance,0.13875981957435474,6.195210648261401,11.08,35.78158686490292,30.81654032744489,consider
126960711,other,0.5237476051692894,18.560732778424835,25.0,16.62758877058033,7.918928972249113,hold
105273586,pl_refinance,0.4737374255302813,11.646335338124137,16.490000000000002,59.67650888958951,31.40551320360043,hold
125908134,cc_to_pl,0.21983789726745434,7.326462337001903,36.0,73.88607346239789,57.643114435075674,consider
131259323,pl_refinance,0.46447501003756186,13.389893520831587,18.58,12.809806627435648,6.859971565578249,hold
129362735,pl_refinance,0.42263518011029066,7.928114468216844,12.96,32.084917078099465,18.524702369973156,consider
115072570,pl_refinance,0.10980221854006204,7.002993414782279,12.07,11.846437965881421,10.545672795430422,consider
97329995,pl_refinance,0.323325405264408,11.545454389435688,16.490000000000002,34.210625358966524,23.14946105042984,consider
131176248,pl_refinance,0.6272840552768874,14.748653121261135,20.04,81.66067412370376,30.436235302742485,hold
127805376,pl_refinance,0.4379782024923029,18.547210807496448,25.0,35.66646801811589,20.045332466292283,consider
96973499,pl_refinance,0.4975619802119794,13.027193892358172,17.740000000000002,84.99844442802919,42.706450103481096,hold
120262340,pl_refinance,0.7313872660725593,18.55225583091771,24.03,96.26827018115728,25.85888324382617,hold
96800997,pl_refinance,0.5341655291322518,14.213482851444624,18.990000000000002,46.64168166768309,21.727303100047102,hold
131580627,pl_refinance,0.530756576132885,14.927797096317882,20.04,25.512488120427122,11.971567276998321,hold
121311212,pl_refinance,0.49168892877418663,10.369571761804883,15.42,116.31366390754488,59.12352309904337,hold
122669866,pl_refinance,0.24769148042720598,7.925029298325143,12.969999999999999,16.087221875711663,12.102554073355707,consider
97467916,pl_refinance,0.315201525430604,8.284943341723084,13.24,18.557950207842737,12.708455993465511,consider
97443300,pl_refinance,0.5427039455445004,13.01521484094242,17.740000000000002,43.28051490385559,19.792008700335607,hold
109820139,pl_refinance,0.15910338663646534,5.411776941928592,10.32,11.307541480852763,9.508473336716776,consider
102370211,cc_to_pl,0.5419852388940929,14.878528927495802,36.0,55.98960509657587,25.64406560272228,hold
106058650,pl_refinance,0.1708831510703181,7.20246577561612,12.24,13.15981760512895,10.911026505253867,consider
120210957,pl_refinance,0.6194117766924194,19.123561866463074,26.45,41.619122413322316,15.839747854907046,hold
116144240,pl_refinance,0.3655903885533212,11.042323642914136,15.91,16.624034883515577,10.546447511127152,consider
122664300,pl_refinance,0.3002430764253754,11.037361430124614,15.91,11.781015194475458,8.243846949072054,consider
117796745,pl_refinance,0.16176608356187616,5.394840407014203,10.32,61.501244058800125,51.552428673224924,consider
134762305,other,0.4131897028377193,15.30332553460559,20.490000000000002,13.067705511335674,7.668264154336061,consider
119414250,pl_refinance,0.3760243101160301,10.349974225497233,15.42,19.460474748891443,12.142863156909113,consider
126215642,pl_refinance,0.6226300204936611,14.926537145576456,20.05,12.798501764143396,4.829770348446635,hold
111668760,pl_refinance,0.8210872204674208,24.587331397753744,33.72,368.96947551350877,66.01335442679978,hold
97607149,pl_refinance,0.5264902836931576,14.218762403274274,18.990000000000002,30.284183976553777,14.3398553633222,hold
115178460,pl_refinance,0.603718421863154,21.118459254747776,29.85,45.1748333675431,17.901954258959027,hold
98162368,pl_refinance,0.4971050942217333,11.49841474981999,16.439999999999998,42.68985285210738,21.46850952774861,hold
126395068,other,0.530147074503719,13.000113526892358,17.619999999999997,52.713797134309914,24.767731797572985,hold
121362024,pl_refinance,0.7310710885397756,17.532550392523678,23.06,70.60016122906143,18.986424508247826,hold
131706637,pl_refinance,0.5564895053329815,14.924633121506929,20.04,31.909945357499737,14.152395650302239,hold
96757816,pl_refinance,0.4878218480241484,14.212406646301151,18.990000000000002,46.65198853611298,23.894129274424962,hold
105151311,pl_refinance,0.6285791771224877,14.729113293853842,19.990000000000002,48.64147251266979,18.06645574662971,hold
121814277,pl_refinance,0.17287056170687856,5.390053482231534,10.32,86.1837508598876,71.28511743873315,consider
133039667,pl_refinance,0.6032817366233438,21.493420046669264,31.77,40.27993541061585,15.979786025023397,hold
124729123,cc_to_pl,0.6167065787086732,12.974262344649986,36.0,435.0761964237091,166.7618438496608,hold
125270773,cc_to_pl,0.3335737724015275,7.927507746182184,36.0,196.22099803833203,130.76681949829288,consider
109659937,cc_to_pl,0.4015345548321173,9.345676597396873,36.0,159.49552946439678,95.45256304319737,consider
96746439,pl_refinance,0.08634925411155679,5.423683258743062,10.32,24.45973898588329,22.347658768688902,consider
109686863,pl_refinance,0.5169705563633488,13.403829801436329,18.59,40.71406754896043,19.666093396359393,hold
130245377,pl_refinance,0.43840184625134443,13.000681427072381,17.61,65.72210159693498,36.90941091732025,consider
131612045,other,0.3839347539110789,9.614825025588642,14.43,52.052279863782644,32.06760060377065,consider
106966064,pl_refinance,0.34292689747900146,11.526317546186155,16.439999999999998,36.792882463840044,24.17561343120582,consider
99566467,pl_refinance,0.7599422003245422,18.532217902668666,23.99,60.35789188830432,14.489382719755499,hold
110561248,pl_refinance,0.20752686699479606,7.201274685881999,12.21,104.61246751219505,82.90256988079433,consider
111069130,other,0.5276105233474543,14.772843002351298,20.05,57.033597135239006,26.942071102327684,hold
114508901,cc_to_pl,0.3763115282806237,10.022951518132082,36.0,219.74659059048145,137.05341525092084,consider
106965879,cc_to_pl,0.16647884776632627,5.389362862931958,36.0,407.4051282495808,339.5807919244982,consider
96197963,pl_refinance,0.7055974914337764,14.74338074119443,19.990000000000002,116.43136463537564,34.27768582444328,hold
108164171,pl_refinance,0.5113391193326527,13.3992513752681,18.59,56.421476363676675,27.57096832842616,hold
100141725,pl_refinance,0.11602460710492608,6.74709979674653,11.99,27.20704013622577,24.05035399393222,consider
123011872,other,0.600253440306543,15.702951629836404,21.02,23.704231710639533,9.475685076504702,hold
107470475,pl_refinance,0.2648128351886961,12.000534079472038,16.990000000000002,87.26971912955673,64.15957738073763,consider
135109650,other,0.2363108938904095,8.03448437373887,13.08,49.73416083337065,37.98143682994744,consider
109516491,cc_to_pl,0.637656971108137,15.72303985522283,36.0,84.64321088829661,30.669877408398108,hold
115088858,cc_to_pl,0.49284874421325553,15.691055302497531,36.0,410.1536042262112,208.0099154487824,hold
124939535,other,0.3176974000884014,10.293026618533423,15.42,50.579455273104486,34.5104938349516,consider
121225378,pl_refinance,0.39879758126775866,11.045518623427416,15.91,33.226690282148354,19.975966564094648,consider
136651061,pl_refinance,0.5871284972297334,16.38249041323904,21.91,145.06447583309773,59.89298813579209,hold
117986853,pl_refinance,0.5677458592153005,14.061445580003044,19.08,45.05401899198063,19.47478626827612,hold
97860233,other,0.262165713852787,11.389907496851048,16.39,12.131042042147357,8.950698745389625,consider
114488828,cc_to_pl,0.4038603155856353,13.394355602587929,36.0,145.80557505768724,86.92048950074464,consider
119702150,pl_refinance,0.4558522489515037,12.559963796273678,17.619999999999997,29.91541941853842,16.278408198270192,hold
135970549,other,0.5588198627192553,15.307763650482297,20.490000000000002,12.98745237051051,5.72980601974896,hold
137634131,other,0.7699939511519512,22.41666148322403,28.4,210.16130585414544,48.33837158025829,hold
121429695,other,0.604831052730802,18.575714735486024,25.0,31.07410151696621,12.279519983795726,hold
116843781,pl_refinance,0.7634004634178159,18.57485442443938,24.03,143.82336042434008,34.028540426091304,hold
121821018,other,0.11683874988176149,5.405125415606414,10.32,61.37562788841285,54.20457625272252,consider
116688159,pl_refinance,0.8016706688702652,23.552692464605837,31.3,134.3782319267965,26.651144856437927,hold
106857031,other,0.3863970835531578,12.674667868043782,17.740000000000002,33.63023215893344,20.635608533505938,consider
112696255,pl_refinance,0.3580030412795713,12.049287779471769,16.990000000000002,14.40587235575066,9.24852624010662,consider
129404693,other,0.603919606582489,18.092985921075876,23.45,14.383402300248747,5.696983641764857,hold
98836720,pl_refinance,0.20405059875866047,7.925345239085189,12.99,11.935992055343235,9.500445729671833,consider
96329596,pl_refinance,0.5637647144056871,15.731959774227295,20.990000000000002,51.883310606498185,22.63333082000418,hold
102641691,pl_refinance,0.27023236767551206,7.938058425051691,12.99,41.633869523416024,30.38305038660997,consider
100435630,pl_refinance,0.28433242894715927,7.93536747089894,12.99,107.49733664301539,76.93235780995636,consider
109971120,other,0.16054289858225146,5.406838955931202,10.32,13.744032676907608,11.53752583274768,consider
126307129,other,0.366159966919833,11.032352713037493,15.91,13.326424384056423,8.446821272430668,consider
105751387,pl_refinance,0.5991516592568967,13.595300636945153,18.490000000000002,96.96207993956625,38.86708885877527,hold
127132237,pl_refinance,0.7105247921952157,19.351380240143797,25.0,51.139455269366124,14.80360444112323,hold
126701748,pl_refinance,0.6797193087140655,15.846010629132715,21.02,165.14150011470906,52.89163381673525,hold
99270505,cc_to_pl,0.14917481575405023,6.759622686237803,36.0,133.69899246603256,113.75446989841001,consider
125054721,other,0.3554822642799947,13.384950435365978,18.59,15.715414267919812,10.128863219861543,consider
104192605,other,0.6492279802656092,18.521554067777814,24.99,178.71574619662965,62.688483251730545,hold
128109680,pl_refinance,0.4108938119544406,12.550212414508483,17.619999999999997,17.98294469296704,10.593863997907937,consider
122271537,other,0.6766290979019228,14.78235475509736,20.05,87.43378464733587,28.27354181525801,hold
129692800,pl_refinance,0.7753826427122144,24.589077314557723,33.72,201.84259152761297,45.33734949705042,hold
98788782,pl_refinance,0.2922281421580858,8.282578851787987,13.24,22.61072145649331,16.003232332408302,consider
126069443,pl_refinance,0.13298018327237413,6.7425421866910975,11.719999999999999,11.60607879467662,10.062700309486907,consider
121843134,pl_refinance,0.5056231125259961,12.058335706412192,16.990000000000002,51.76809971176385,25.59295200594569,hold
116812312,pl_refinance,0.15940812251882952,7.2150377734759426,12.21,11.737300449988965,9.866279421816811,consider
103738401,other,0.6948678863534976,18.570791822937057,23.99,142.72132845280453,43.54886061324095,hold
98074700,other,0.4132250359694028,13.365572091244383,18.490000000000002,12.641871943495772,7.417933954924148,consider
103753406,pl_refinance,0.2314960947845873,7.489768805761407,12.49,42.05130475926751,32.31659192690055,consider
102370598,pl_refinance,0.5715359384416001,14.029875564281037,18.990000000000002,81.41473561052817,34.88328829039019,hold
131477683,cc_to_pl,0.5027403010872419,18.356504671573443,36.0,314.30933606913527,156.2933658192071,hold
96500323,pl_refinance,0.7881438832029974,20.623272814619845,26.49,66.69462527825601,14.129664322682524,hold
119236674,pl_refinance,0.708016674741775,20.66546666110208,27.91,47.74580911492632,13.940980112520656,hold
133273171,other,0.3074700254488234,9.643164521554816,14.58,126.15222617615018,87.36419798334356,consider
103697372,pl_refinance,0.6015136621394573,14.212901569322357,18.990000000000002,24.490296095783947,9.75904840432929,hold
132436589,cc_to_pl,0.3662607608085827,11.966652041142504,36.0,482.3212892123739,305.66592687127337,consider
127547305,cc_to_pl,0.44629916938244757,13.395693445323353,36.0,291.59533308792925,161.4565781349883,consider
113670803,other,0.6534047932890216,21.502828746225923,31.3,26.165031724270165,9.068674579072725,hold
98907444,pl_refinance,0.5957783805928958,14.72831453976192,19.990000000000002,48.64862873997538,19.66482749120784,hold
112041866,pl_refinance,0.2751009598182136,11.055726920448144,15.91,21.898253037041115,15.874022608208994,consider
119278096,pl_refinance,0.22991866191295834,7.936369710826269,12.969999999999999,40.12876540861282,30.902413361645554,consider
121248678,pl_refinance,0.4304692273824691,14.259100335885881,19.08,44.213115519551366,25.180729841678236,consider
111715443,pl_refinance,0.3677541535977373,12.049354069135164,16.990000000000002,23.049092819193106,14.57269319827506,consider
97296048,other,0.24561059887900788,6.765289607988676,11.99,27.114808968039313,20.455124498909285,consider
112117574,pl_refinance,0.2964710386140687,9.392716739434833,14.44,21.648876820391422,15.230611824621938,consider
108203576,pl_refinance,0.38445244753837116,10.359634640835283,15.42,48.381629579721675,29.781193671902823,consider
120209290,other,0.39933414569350373,11.044898105599996,15.91,19.384940485253367,11.643871837255299,consider
112025707,pl_refinance,0.5290807754729591,13.398499084587788,18.59,26.41285752671098,12.438322384021951,hold
112044746,pl_refinance,0.5595506343842648,14.073318694875795,19.08,89.90124663484164,39.596947048379754,hold
126353827,cc_to_pl,0.37326677397439645,10.005313258312572,36.0,164.91207672402987,103.35587785583309,consider
139580953,pl_refinance,0.45911224964211444,11.533976562517287,16.55,75.56371075816776,40.87148552067931,hold
96592729,pl_refinance,0.49161940633756424,11.712574651138853,16.490000000000002,98.14111527220496,49.89303844477709,hold
114956619,other,0.36102915764061183,13.386114297516754,18.59,37.70781382040883,24.09419356035761,consider
96713622,cc_to_pl,0.09508442779324704,5.4072897280582595,36.0,339.32911491642085,307.06420019100403,consider
107679197,pl_refinance,0.7252619805083609,14.042005125200527,18.990000000000002,129.21588216864689,35.500515553879055,hold
97749895,pl_refinance,0.34809574715695746,11.557974242455911,16.490000000000002,42.65678814138482,27.80814160199343,consider
113233191,cc_to_pl,0.6437484949323412,19.109219979373517,36.0,434.27993454088687,154.7128803008753,hold
126467875,cc_to_pl,0.49416775618075875,17.14291884324494,36.0,64.76979357814741,32.76265001734339,hold
96217698,cc_to_pl,0.5948578381873689,13.370975297920003,36.0,166.50449470494652,67.45799093628182,hold
128912011,cc_to_pl,0.5491940431913366,12.991819519452307,36.0,633.9152099118396,285.7727527398716,hold
116839937,pl_refinance,0.817690459781232,23.60894268232756,31.3,166.7963700446278,30.40856953299558,hold
107082276,other,0.566256915108694,15.748857740903269,20.990000000000002,62.646328656138735,27.172411848428236,hold
113075897,other,0.13477958587515992,7.300805190401308,12.35,39.670626664118686,34.323836030920695,consider
119976785,pl_refinance,0.7640189121313639,20.59220471416737,26.45,60.97081904173848,14.387960205711202,hold
128587979,pl_refinance,0.7727847731319363,19.342578280994825,25.0,81.9479523590935,18.61982258664471,hold
98925981,pl_refinance,0.6273844242885055,15.714322846952543,20.990000000000002,13.268883377399817,4.944192618718512,hold
138111467,pl_refinance,0.3786702319806893,12.662215109789383,17.73,54.061431404305495,33.589976633229014,consider
129059668,pl_refinance,0.1752703292779591,6.207077099013003,11.08,11.303812515770801,9.322589574035337,consider
127870036,pl_refinance,0.17082143600220034,6.1881014778771934,11.08,17.418730311843944,14.443237786639706,consider
141872295,pl_refinance,0.41249270619610895,10.472862525829074,15.47,47.84450606660107,28.10899628257264,consider
109302398,pl_refinance,0.4284586338921554,13.388804267346165,18.59,22.61323990151243,12.924402025434834,consider
118275984,other,0.378417382811454,10.025195106510386,14.93,43.670355978178804,27.14473416247185,consider
130343569,pl_refinance,0.860427470185823,12.571784873298839,17.61,44.67285141178161,6.235102885555188,hold
106436376,other,0.7000408796848002,23.647070564985974,35.739999999999995,33.04025190448013,9.910724896260463,hold
137272580,pl_refinance,0.3109201903720571,9.87343824601012,15.08,20.906516510470453,14.406258417018424,consider
114789691,other,0.705127773287124,18.551443537392334,24.03,107.5952479613469,31.726850350086398,hold
131257061,pl_refinance,0.36220546456505304,9.458989581804268,14.43,41.00742913986858,26.15431421764399,consider
118167461,other,0.5075237507355554,17.863089691512943,23.06,51.919031710933496,25.568890002442284,hold
112131542,cc_to_pl,0.3434743444560906,10.016189905928846,36.0,94.59372335286213,62.10320623457702,consider
96827067,pl_refinance,0.5941046608521554,14.89014888603723,19.990000000000002,34.95845031408703,14.18947204631943,hold
122996530,pl_refinance,0.4126237284175564,15.688481899821914,21.02,81.48803780521484,47.8641398245963,consider
131668501,pl_refinance,0.8391352899923193,13.689000071332485,18.58,123.91925379775262,19.934234826543655,hold
100475024,other,0.54548058671585,13.029636647093307,17.740000000000002,80.91079162664437,36.77552553849851,hold
131278516,other,0.6676299762526194,20.93138582336009,26.85,134.90057254524277,44.836906500397575,hold
107315604,pl_refinance,0.5316014367202035,15.740221025201595,21.02,117.70767984746385,55.13410812755032,hold
129682048,other,0.6305619809518412,14.03568445698142,19.07,75.29364290974013,27.816334283493838,hold
124085075,cc_to_pl,0.2532248960722231,6.210766077881597,36.0,301.70504856848675,225.30581900026667,consider
127032402,pl_refinance,0.3012710100072247,11.029573602186352,15.91,27.77810145408648,19.40936477293069,consider
109444548,cc_to_pl,0.14210432723569177,5.4104197117673545,36.0,84.8274491234271,72.77310153462263,consider
105792134,other,0.13254361052754585,5.403146060053693,10.32,78.59227069432586,68.17536737694168,consider
125491187,pl_refinance,0.5825786491688341,17.86004990896859,23.06,17.316902681092046,7.228444909353281,hold
99666205,pl_refinance,0.14109756504880697,5.397894779831166,10.32,29.50288744497874,25.34010186458322,consider
126727947,other,0.2635660164322244,9.436712247270576,14.44,11.94174484089055,8.79430672392696,consider
96994650,pl_refinance,0.6047400528658811,18.567168369381157,23.99,123.77233549330572,48.92224678375045,hold
127694204,other,0.15018288303982413,6.183308560484511,11.08,99.62996168685504,84.66724680357592,consider
117193974,other,0.5531073129876464,15.69231110266646,21.02,91.7792685370282,41.0154839285409,hold
125078591,pl_refinance,0.17223630176967158,6.737975414379462,11.719999999999999,15.431351181688541,12.773512322845455,consider
102606286,cc_to_pl,0.4295561835880035,11.554996934627846,36.0,145.8755460922486,83.2138032340464,consider
110855480,other,0.41012151902225713,13.33028442798302,18.59,12.978994778210307,7.656029724388753,consider
110417246,pl_refinance,0.9211633474583892,15.686970947113277,21.02,101.8880661928124,8.03251407257939,hold
96818908,pl_refinance,0.5342617622265636,15.698528071548353,20.990000000000002,22.903861139828564,10.667203925471245,hold
109887850,other,0.6688315950463851,18.244074907825805,24.03,17.666708488283916,5.850655670845473,hold
119336585,other,0.5250713340472878,18.241923433436767,24.03,62.83423615376705,29.841779952666265,hold
117529118,pl_refinance,0.45705908591261174,13.405225581159858,18.59,40.703340323474094,22.09950880163707,hold
135678352,other,0.13330755624322616,6.260225166516612,11.190000000000001,15.082616932398963,13.071990127388153,consider
121777908,pl_refinance,0.7136222505067954,18.550069273248976,24.03,115.56481237502351,33.09519088856367,hold
117837239,other,0.49306830431486715,15.719826135859751,21.02,23.630573868537226,11.979086881190366,hold
119978276,pl_refinance,0.5185865764703295,14.261104746734123,19.08,29.463679697497867,14.184210912954095,hold
116748927,pl_refinance,0.34635881268100144,11.042295287794671,15.91,30.47728874912565,19.921211204242447,consider
121431041,pl_refinance,0.7753534284975152,23.437822930603897,30.82,170.7567938680088,38.3599283032047,hold
104814384,other,0.13842999811077306,5.427446680083075,10.32,58.65923689950978,50.53903884633125,consider
125391353,pl_refinance,0.41410272863637904,10.023811283058807,14.93,40.952640678503826,23.99404042867022,consider
125701102,pl_refinance,0.23613462883062983,7.924747757920901,12.969999999999999,26.813214721390807,20.481686215399208,consider
107275285,other,0.2633538094348237,8.305864842042524,13.24,26.401321715651306,19.4484330677202,consider
118599581,other,0.5253020718976701,13.684969419599389,18.59,43.33183405334523,20.569531845996966,hold
111608269,pl_refinance,0.6490607048247993,18.555932636172223,24.03,76.96445583935122,27.00985188580478,hold
116250503,pl_refinance,0.29200074694494454,9.448908421016666,14.44,38.43339400252603,27.210814246159075,consider
100036724,cc_to_pl,0.40501374660333417,8.30553912773477,36.0,113.53639148099151,67.55259219145228,consider
105955128,other,0.5005733582072518,13.36391321099615,18.490000000000002,18.536936800127535,9.257840095212106,hold
116247904,pl_refinance,0.7381181126352866,21.468687975312697,31.3,165.53756113536497,43.35128893988101,hold
96951255,other,0.5732939716925415,18.228970326445147,23.99,25.38891494168297,10.83360305780143,hold
128417634,other,0.57636344928737,14.771621581645167,20.05,45.638136702696784,19.333982813681946,hold
125158921,pl_refinance,0.5142218578276422,13.38401977239401,18.59,37.72267053201779,18.32484880882355,hold
110488235,pl_refinance,0.47327794571933496,17.13807994434824,22.09,16.163974043756667,8.51392161366686,hold
111417722,pl_refinance,0.3663100327906446,12.058199693278015,16.990000000000002,34.512998934471796,21.870541163081953,consider
96514861,other,0.6703096206653908,21.115917833691864,29.74,78.30451604196571,25.816245597488667,hold
137590479,other,0.11702972368032111,6.081726209711429,11.11,12.790116059918233,11.293292311586766,consider
103871726,cc_to_pl,0.5127948384167236,14.214168018103885,36.0,467.7672302978833,227.8986090206419,hold
96702449,pl_refinance,0.2647270443313507,8.201611162437965,12.99,51.995393597884686,38.23080673187143,consider
129084489,pl_refinance,0.6467827353330026,18.550627176658814,25.0,66.84053480348939,23.609230872167764,hold
97972417,cc_to_pl,0.27283459758328577,10.438009531056924,36.0,66.6528662699086,48.46765832338553,consider
106975477,cc_to_pl,0.1717194285417315,7.48893817472586,36.0,210.7178794951073,174.53352564468204,consider
112747462,pl_refinance,0.30483819034336446,10.011940554309628,14.93,32.840073626849744,22.82916501169802,consider
129037499,cc_to_pl,0.2305399446622055,6.7520459715553836,36.0,166.4921297080253,128.1090433384444,consider
80808717,other,0.6905728460864102,17.53246484156539,22.99,162.34091112043052,50.232686091733854,hold
95640911,pl_refinance,0.5920012166725239,15.830888820868914,20.990000000000002,102.82274105198064,41.95155324760423,hold
98043820,other,0.5960825801430054,13.018084591129293,17.740000000000002,56.77198564175444,22.931193960575797,hold
132937958,pl_refinance,0.5134060390919717,17.48774994293224,22.47,39.348896236732,19.146935277190433,hold
105934154,pl_refinance,0.5616698203893811,17.872808415439422,22.99,24.510135502915716,10.743532097273654,hold
95207116,pl_refinance,0.3343084381123753,11.390780337559598,16.39,100.63220719440119,66.99001118343999,consider
99232997,other,0.3921301906981093,12.6772511185311,17.740000000000002,30.011422214353843,18.243037498317797,consider
103348554,pl_refinance,0.6338821208903838,13.594586084311837,18.490000000000002,143.66747015388955,52.59922946978614,hold
109916916,other,0.6065332477350852,18.584719865984614,25.0,17.732684095858957,6.977221620137331,hold
135399651,cc_to_pl,0.3744205592886324,9.459290673749818,36.0,127.37041781661799,79.6803147408931,consider
119335104,pl_refinance,0.775696721018951,23.649402997096995,31.3,86.29649273932273,19.35658628599437,hold
130310341,cc_to_pl,0.7074610916355873,20.91905988737966,36.0,376.8761641536969,110.25094165008967,hold
125797026,cc_to_pl,0.4798635644990764,15.736942844379536,36.0,197.8292903884369,102.89822194031869,hold
97405224,other,0.4516455899553662,13.34889620680579,18.490000000000002,18.59010831808004,10.193967879426621,hold
107686933,pl_refinance,0.5308197265057759,12.556511161948125,17.619999999999997,29.9354081133273,14.045102965772116,hold
132481109,pl_refinance,0.5196136358227249,12.027790619182785,16.98,79.2653288847481,38.07798314826008,hold
120060235,pl_refinance,0.5775733009555548,21.065646782597774,29.85,26.632426254882205,11.250247910394506,hold
115404530,cc_to_pl,0.15192221522887636,5.3869991035807505,36.0,203.71642023578505,172.76737039506787,consider
124950174,pl_refinance,0.676043505378879,17.545679076040177,23.06,164.35192514471828,53.2428735541158,hold
97962609,other,0.1426908246563435,5.395897263300931,10.32,49.19099602151289,42.1718922335363,consider
120940936,other,0.37077234036837203,9.422226057454239,14.44,17.93808086964671,11.287136643890678,consider
104100491,cc_to_pl,0.3090524499811683,8.350363079746183,36.0,667.8676332215261,461.4615049112892,consider
113161538,other,0.4100858235633007,10.372850713911246,15.42,12.144178794690305,7.164023232169758,consider
117250123,pl_refinance,0.7592006473743382,21.450710807843677,31.3,151.66014081725552,36.51966372791183,hold
107430916,pl_refinance,0.8107725606992416,24.579250162849526,33.69,252.21430460256033,47.72586701496397,hold
131866303,pl_refinance,0.4094466914381974,13.367605104636189,18.58,22.02648672116203,13.007814609174849,consider
125857803,cc_to_pl,0.22064941482462933,7.320475941423589,36.0,148.63082214018885,115.83551821005263,consider
114169528,other,0.42756357472587814,11.024860606115862,15.91,69.5096722956539,39.78986833089978,consider
104152243,other,0.5380233588060607,13.585635292478937,18.490000000000002,45.33556538328753,20.9439722223994,hold
133035701,cc_to_pl,0.7808223192944062,23.526250541221543,36.0,348.3344781504552,76.34714303081013,hold
119249331,pl_refinance,0.46898808177978435,13.393970277108993,18.59,47.065341010764314,24.99225701181454,hold
110355146,pl_refinance,0.3623432156547588,13.383603840163632,18.59,31.437863095145588,20.046566687936465,consider
141013155,pl_refinance,0.6937955973250379,14.553674404986772,19.47,45.462889737746195,13.920936996024237,hold
116265983,pl_refinance,0.5438765605849627,14.793159848127228,20.05,142.0511811345582,64.79287331206314,hold
114794372,pl_refinance,0.4232696653027503,11.036606686159576,15.91,24.964742857140664,14.397924503629508,consider
107089309,pl_refinance,0.4871824913889985,13.355413887223499,18.490000000000002,12.666409909588168,6.495556772880705,hold
143142642,other,0.13750107964788794,6.063173922843421,11.11,61.61418469620605,53.14216777885335,consider
123991237,pl_refinance,0.7881042519857884,20.5928121168026,26.45,88.67664812232601,18.790204685273306,hold
118664761,cc_to_pl,0.5457341845782497,12.064474944166845,36.0,75.07328597599897,34.103227470277425,hold
117867256,pl_refinance,0.5876353507110453,15.78006851681373,21.02,66.87307241371934,27.576091052758244,hold
102659959,pl_refinance,0.3740342798797524,13.359266469096557,18.490000000000002,27.829630067158064,17.42039442566869,consider
117858955,cc_to_pl,0.27015961391369897,5.411146441172602,36.0,127.23851053829432,92.8638036563146,consider
107402071,pl_refinance,0.2437972125210884,7.939470152838223,12.99,59.07625249460693,44.67362681022976,consider
145305419,pl_refinance,0.4696933542993618,14.89760065707915,20.02,79.84705131661053,42.34342195279846,hold
125713383,pl_refinance,0.40061849975733266,11.039740784102477,15.91,24.949014569354233,14.953977782155706,consider
111754322,pl_refinance,0.62116113224859,19.07633534593604,26.45,170.2640559001925,64.5026421559917,hold
126002196,other,0.4851948011824354,14.07984748180416,19.08,130.94013789991686,67.40866372476603,hold
103337406,cc_to_pl,0.4802570217996928,12.661827850787667,36.0,88.98934209014448,46.251585686017634,hold
128590377,cc_to_pl,0.6631812147111895,14.788532737572872,36.0,711.8516788794623,239.76501778598086,hold
120046297,pl_refinance,0.5034806854515441,14.249275003809707,19.08,11.988275849563934,5.952410507443292,hold
103507620,pl_refinance,0.11971067244407414,5.399128637384707,10.32,19.66376934438631,17.309806293384653,consider
112656933,cc_to_pl,0.5106713748057916,14.956834134133006,36.0,200.68800520015645,98.2023856775607,hold
111073561,pl_refinance,0.42955102171522697,12.050960579202767,16.990000000000002,34.562626296968745,19.716214857944248,consider
97555346,cc_to_pl,0.4135991896739314,11.508266142167573,36.0,76.05367507567837,44.59793669265333,consider
97650821,pl_refinance,0.6972286051282588,14.900795773270254,19.990000000000002,27.274900887775914,8.258059786780406,hold
126912066,other,0.796803771933077,26.133124297530664,35.79,129.5788155957655,26.329926566438917,hold
97363916,other,0.37491490860971177,11.550487560750271,16.490000000000002,11.99701326030663,7.49915413022927,consider
95954366,pl_refinance,0.6159163970376041,17.124532846295974,21.99,12.682783267383684,4.871249092927912,hold
113850604,pl_refinance,0.19725398842557,7.293890134218696,12.35,66.20541260246716,53.14613091127002,consider
96247015,cc_to_pl,0.443500711730377,14.215978894189314,36.0,92.13112346447701,51.27090463546222,consider
107189781,pl_refinance,0.5009990111995489,14.214193213097754,18.990000000000002,17.488186033141858,8.726622122864025,hold
112675456,pl_refinance,0.4600345179664718,14.262311757310517,19.08,58.912024648182864,31.810459786727158,hold
126390793,pl_refinance,0.6626339253277509,19.09575341824619,26.45,104.43049784801894,35.23130713505491,hold
111494880,pl_refinance,0.3440071882725055,12.034796177509882,16.990000000000002,26.005072130783958,17.059140386249275,consider
122224526,other,0.3623099007247062,13.380151508437384,18.59,15.100043159323747,9.629148021330382,consider
102056486,cc_to_pl,0.42906644073883904,13.351300970478038,36.0,72.92900473523235,41.63761624686027,consider
126539579,other,0.6047925973272077,13.690552843809089,18.59,90.17389219728227,35.637389724184295,hold
96559828,cc_to_pl,0.4055665364845264,8.297995698370116,36.0,81.11570036440125,48.217886713094394,consider
131600845,pl_refinance,0.15843683170261233,6.186407228551526,11.07,68.30036335157502,57.479070178014254,consider
118556509,other,0.3996123628821553,12.040311169287161,16.990000000000002,14.431511345308365,8.664500996649057,consider
117508764,pl_refinance,0.26577323268514186,9.467445010707996,14.44,27.352624095536896,20.08302876724455,consider
102196459,pl_refinance,0.5477497840446212,17.87213253512938,22.99,70.81423811556306,32.025754480479016,hold
127544114,pl_refinance,0.410476960015079,11.053335916948885,15.91,44.23193996140776,26.07574771047961,consider
121729223,cc_to_pl,0.7689494072588283,20.643631249811087,36.0,532.1431983181271,122.95200139458615,hold
114489183,cc_to_pl,0.5311606160320551,12.984974128962433,36.0,434.8981113456988,203.8973626121401,hold
109848409,pl_refinance,0.2447347156358762,9.999620483310249,14.93,65.5663596656874,49.51999527762581,consider
102633321,cc_to_pl,0.6145619409660479,15.733985061895629,36.0,161.9693394345063,62.42914781464747,hold
96877047,pl_refinance,0.5849381380075517,20.658002740742567,27.74,24.8202731096045,10.301948772033539,hold
136197091,pl_refinance,0.3739605001426243,12.654965093065426,17.73,14.436637200275044,9.037905132482573,consider
130657673,other,0.4193490727922827,12.038578922959722,16.98,115.2363418901848,66.91208876656133,consider
121906084,cc_to_pl,0.8439844202082717,22.68972415150732,36.0,279.65427044754415,43.63042314510639,hold
132286156,cc_to_pl,0.5640934393934892,18.062979958719563,36.0,88.18852665317974,38.44195733834319,hold
120929846,other,0.46353484906423653,14.261374985391237,19.08,38.300591141708196,20.54693240776545,hold
95826325,pl_refinance,0.68068257759814,17.52631000902589,22.99,69.65076418864635,22.24070248903833,hold
110681489,cc_to_pl,0.4874837784420977,12.551411160868518,36.0,446.0876087876568,228.6271357396495,hold
102265268,pl_refinance,0.624730604960718,15.678468524730963,20.990000000000002,50.710346501883805,19.030041053994307,hold
118609622,pl_refinance,0.748341184994216,18.219780298730377,24.03,16.45795376057788,4.141789140807016,hold
97270085,pl_refinance,0.4947259656657616,14.89560177201171,19.990000000000002,31.747202021704197,16.041036844330566,hold
121862066,cc_to_pl,0.27587203823013434,10.02763119789055,36.0,189.29186100285352,137.07152948762106,consider
111083259,pl_refinance,0.6290642558550685,13.396772325906118,18.59,72.75499295753275,26.987427452961658,hold
96422348,pl_refinance,0.542637677859959,15.707492061156035,20.990000000000002,100.87708892736282,46.13737964254608,hold
116473698,pl_refinance,0.8482252959230738,26.328294637983834,35.94,259.35081833568756,39.362893705007615,hold
96772264,pl_refinance,0.4859684184811506,10.469159319145065,15.49,60.81781299047702,31.26227659601253,hold
129620070,other,0.5095757832295092,15.718259681067215,21.01,37.23605176095327,18.26146152049096,hold
137793280,other,0.5384134351391424,23.576998974272414,34.69,30.248337220188546,13.962226070219653,hold
125290165,cc_to_pl,0.2996536202489721,9.450984258445208,36.0,443.41175106558535,310.54181459784667,consider
117583869,pl_refinance,0.6218806600563673,19.10298826825811,26.45,182.5764593354943,69.0356902931826,hold
129961227,pl_refinance,0.49394979586502985,14.041305289310124,19.07,94.01432978155117,47.575970777566376,hold
136809076,cc_to_pl,0.31425625624028486,8.523988381132567,36.0,646.261203812988,443.1695773493787,consider
97266018,pl_refinance,0.6967295880859422,21.46852726352086,31.24,139.88178369531306,42.42200616055072,hold
127394268,pl_refinance,0.22970665231615156,7.293532788609155,12.35,38.13683055381574,29.376546877350407,consider
135473650,pl_refinance,0.7871245019089745,17.148016928577267,22.47,89.01285649745626,18.948656163400972,hold
125756026,pl_refinance,0.23882103527075368,7.934673268537818,12.969999999999999,37.466089784643486,28.518399434727918,consider
112800534,cc_to_pl,0.6189884785109626,14.07472912479917,36.0,358.76740002003373,136.69451294229916,hold
118378509,pl_refinance,0.1790568889391564,7.318218080823156,12.35,11.794627381762837,9.682718096587795,consider
130144298,pl_refinance,0.14770505882750262,6.733817907844044,11.71,38.52490257088061,32.834579570324884,consider
96233732,cc_to_pl,0.35441940800225513,10.491114912904855,36.0,155.66523927417762,100.4944573240942,consider
106766927,pl_refinance,0.8317707604760929,24.655564537599695,33.69,250.18911596005864,42.089124715119276,hold
134914580,pl_refinance,0.5723818077521922,14.309342442418002,19.52,105.43358926133828,45.08532084213136,hold
134928400,cc_to_pl,0.5954252344815201,12.085887187921239,36.0,667.1974198914434,269.9312397071155,hold
103737934,cc_to_pl,0.3046904403486677,10.45930048118655,36.0,233.76106223791203,162.53630124827032,consider
124749285,pl_refinance,0.5496287936935352,14.259201857506296,19.08,50.10773711082061,22.56708200788749,hold
121795414,cc_to_pl,0.3900526442601696,12.54056703987312,36.0,61.65353796853671,37.6054124559142,consider
97426757,pl_refinance,0.3687916972658721,10.457034281386283,15.49,68.04966718489891,42.953514925402324,consider
125356158,other,0.5618801352438643,15.724481374371257,21.02,16.527272174874525,7.240926250043873,hold
109739204,pl_refinance,0.38958546227900687,11.051013008080625,15.91,27.658550941981275,16.88318158728204,consider
115064073,pl_refinance,0.5894180212779635,18.54791493689307,25.0,124.81994852590901,51.248821449750466,hold
109792541,cc_to_pl,0.7204625810035237,20.60363707240757,36.0,365.78403575482207,102.25032526501778,hold
129471414,pl_refinance,0.5170545613190014,13.688060308295377,18.58,43.20505038838286,20.865682013052208,hold
108054363,pl_refinance,0.5155333400339231,14.953820515250193,20.05,31.799788762633227,15.405937449459703,hold
118242968,cc_to_pl,0.328206185474126,10.356762868243903,36.0,312.4941855950017,209.93166095802258,consider
117880220,pl_refinance,0.16382340741678758,7.013182207960811,12.07,33.67950227369414,28.162011451116122,consider
131576291,cc_to_pl,0.1620246801557254,6.208243566626883,36.0,76.43705983614464,64.05236966414925,consider
103212529,pl_refinance,0.40715635874921585,11.405055328604103,16.39,14.33583031872854,8.498905846508418,consider
131071595,cc_to_pl,0.23426290772016203,7.298374420019891,36.0,123.92618903410778,94.89487964829924,consider
106296341,cc_to_pl,0.502530239369739,13.01178881033363,36.0,635.2926674473952,316.0388912052157,hold
102443857,pl_refinance,0.2643115886759148,11.403336556579069,16.39,28.681341498558766,21.100530561718255,consider
129937106,pl_refinance,0.45495609186561575,17.48609693936192,22.47,52.48226667454378,28.6051397360443,hold
137992021,pl_refinance,0.6528008610427379,15.492030178716771,21.14,72.03684252597395,25.011129698218035,hold
126736289,pl_refinance,0.3878908492311547,10.293973069150812,15.42,67.42671257846655,41.27250777554018,consider
136400899,other,0.7378949717829547,24.541564442160478,33.72,211.85377448641998,55.52793953965066,hold
128116009,pl_refinance,0.6668308567258266,18.562458913278565,25.0,106.75271876439047,35.56671185292074,hold
108925334,pl_refinance,0.29789423147070904,9.412072435740143,14.44,24.886061669519336,17.472647454145203,consider
119338022,pl_refinance,0.39339640009205595,11.038903862483455,15.91,19.96291091047243,12.109573622934148,consider
127651838,pl_refinance,0.5007100659013238,13.394442917677065,18.59,12.824012322376234,6.402900267319841,hold
130841852,pl_refinance,0.5457787369889948,15.696799505493676,21.01,71.04710866746188,32.27110743221467,hold
106909519,cc_to_pl,0.6590445270262439,14.736599571594263,36.0,213.7407673163741,72.87608441412787,hold
108104587,other,0.6054799396472558,18.56898123245907,25.0,44.43662853660953,17.531141372135668,hold
107529149,pl_refinance,0.3975530525814938,12.03093096020109,16.990000000000002,12.093329494114954,7.285589437855741,consider
118187185,pl_refinance,0.5723146455313206,18.552461508541615,25.0,64.1489163643879,27.435552034084907,hold
95023274,pl_refinance,0.7658070895060627,20.63616957405364,26.49,177.47317664544926,41.56295977320242,hold
125942664,other,0.49963889030258624,18.238870044892632,24.03,14.881343345620792,7.446045470203043,hold
102247058,pl_refinance,0.5833810412473214,15.853205986633647,20.990000000000002,111.09525545987185,46.28438965205464,hold
99829840,pl_refinance,0.4470235310641464,12.672159390510409,17.740000000000002,60.08195876764421,33.22390940608145,consider
141672047,pl_refinance,0.6395419842669987,8.520221010715654,13.46,53.13268601299842,19.15210257081,hold
112808730,other,0.44791707324933855,13.400855775510056,18.59,17.235242596710094,9.51528317604938,consider
137816359,cc_to_pl,0.2755292050102283,7.836844335535658,36.0,114.57041671950861,83.00292088309185,consider
114489114,pl_refinance,0.31639049717772894,11.985930736084818,16.990000000000002,35.008298431915705,23.932005485695587,consider
111053847,pl_refinance,0.29978127596890003,9.457794339389663,14.44,95.916475302251,67.1625119497027,consider
112048245,cc_to_pl,0.35267028737891637,9.471011105225182,36.0,190.58523325676242,123.3714842739222,consider
98125649,pl_refinance,0.4722959138016792,11.576775938367483,16.490000000000002,17.920317462361567,9.456624750859323,hold
119223135,pl_refinance,0.752943864877966,14.7696853397285,20.05,61.143464899904245,15.105868126140082,hold
112437051,pl_refinance,0.32455437448920715,11.041253325592756,15.91,27.71297565294816,18.71860817467094,consider
96879052,cc_to_pl,0.1885106350583618,6.755869765503769,36.0,300.8475127288888,244.13455704863736,consider
133007002,other,0.39090311012760776,14.922268609584128,20.04,12.783461743023224,7.786366789478157,consider
108517996,other,0.5654324117008199,14.94746592617664,20.05,25.470908269639892,11.06883117852705,hold
97379066,other,0.5299232762776234,13.009993336433576,17.740000000000002,84.62329173746593,39.77943973055085,hold
127148556,pl_refinance,0.4321840774133042,14.25350150215873,19.08,35.41077329627683,20.10680090873376,consider
119872327,other,0.2734763008462075,9.441788534374599,14.44,11.929886455023478,8.66734523778838,consider
133768233,pl_refinance,0.16852046736103724,6.267349166052474,11.190000000000001,25.1027064610376,20.872386636196616,consider
97313477,pl_refinance,0.5386876587763703,16.90283111460509,21.99,62.903046929899006,29.017951849331567,hold
124848481,pl_refinance,0.48187699136202844,12.976995718171024,17.619999999999997,71.5092054736524,37.050564685319685,hold
109790722,cc_to_pl,0.39348698661214654,10.338899744142001,36.0,312.69081308804346,189.65104730472729,consider
125570706,pl_refinance,0.22182678779561296,7.299957772035994,12.35,13.225712700880706,10.2918953361367,consider
110351712,cc_to_pl,0.17139394372390201,5.382801768996369,36.0,254.67909872404687,211.02864360968348,consider
97378511,cc_to_pl,0.32896746665387844,8.299516942954565,36.0,175.19697625570035,117.5628708114429,consider
109901564,pl_refinance,0.32047990051583747,10.353805684216539,15.42,99.7201882259019,67.76187222384428,consider
103468765,pl_refinance,0.5070791322236038,14.218714727583363,18.990000000000002,34.943893855854924,17.22457448291429,hold
96494975,pl_refinance,0.3113859029790771,11.5564102963833,16.490000000000002,11.982922775109472,8.25160954645346,consider
120452376,other,0.3251487240560591,12.026931408921863,16.990000000000002,14.469722990207657,9.764911022497014,consider
109045721,other,0.2780177026690723,7.928951940439806,12.969999999999999,93.76847317493412,67.69917768005241,consider
125349588,other,0.5325039759353849,15.70626944100657,21.02,15.229881207765544,7.11990891160679,hold
96683748,cc_to_pl,0.5548737424550283,15.69974295713764,36.0,163.9288226115376,72.96902331282728,hold
128694508,pl_refinance,0.4054198035119093,11.969072785765668,16.990000000000002,59.39578360743582,35.315556687873304,consider
138815465,cc_to_pl,0.45171474149978097,9.881756164909259,36.0,572.5961447926373,313.94602526386,hold
127024212,other,0.3307016641420881,7.929424140658571,12.969999999999999,32.14702699214655,21.51595166862306,consider
96569692,cc_to_pl,0.37104770724900327,11.54799710859668,36.0,121.59688636820795,76.47864047266681,consider
125759771,pl_refinance,0.42105941297026955,12.030143940813131,16.990000000000002,28.921097245374312,16.743597016780924,consider
126497061,pl_refinance,0.18434458430280984,6.7346315569961615,11.719999999999999,30.88296364580964,25.189856550484073,consider
110977379,pl_refinance,0.48010314592239434,15.673533335054517,21.02,34.04646104804425,17.700647991353947,hold
102453707,other,0.15958858794864744,7.506441388145049,12.49,36.67518028484369,30.822240050423414,consider
119708242,pl_refinance,0.4803591416245652,11.053123582953118,15.91,11.743678810364372,6.102495337503147,hold
123875924,pl_refinance,0.5432037737715054,15.765674266795637,21.02,41.907437228953995,19.143159177093704,hold
102443844,cc_to_pl,0.09825484339841045,5.394109472635323,36.0,81.47440445661394,73.46914960575057,consider
125070482,pl_refinance,0.592677149939171,17.868081334181966,23.06,20.748445403326343,8.451315916014392,hold
132784181,pl_refinance,0.501855181147131,18.34554673635507,24.42,103.78440995638857,51.69966609747708,hold
132100490,pl_refinance,0.4980764397463748,18.591502761117106,25.39,17.582842514085286,8.825242914048488,hold
126863995,other,0.6091088237428924,14.782412532397505,20.05,61.00065927534956,23.84461945660043,hold
96468733,pl_refinance,0.683945345878955,15.820184985199349,20.990000000000002,98.90900245697355,31.26065056099637,hold
123994506,other,0.7305963450303379,14.76603282031458,20.05,40.79020014838625,10.98902900691931,hold
117866476,pl_refinance,0.65862070836582,18.576778499246647,24.03,115.01819769069925,39.26483085269099,hold
126737583,cc_to_pl,0.7978700397974662,24.559455641288057,36.0,133.34777691582826,26.953580841092723,hold
140170299,pl_refinance,0.20532246825253903,7.999752651941643,12.84,104.49756938820985,83.04187051503165,consider
122679366,other,0.3984617405204341,12.55344490659937,17.619999999999997,17.97171688927949,10.810675297436704,consider
134116587,pl_refinance,0.44570624381877355,14.576958509823438,19.52,12.304702918044569,6.820419999137022,consider
100377626,pl_refinance,0.41693650941249577,13.358748884191668,18.490000000000002,18.864188271462467,10.999019460658765,consider
133499574,other,0.4849066789376733,14.576310414531179,19.52,12.306284292947566,6.33888484639151,hold
103458075,pl_refinance,0.14587877304477193,5.408311347137371,10.32,11.31535067423411,9.664681201305505,consider
126025209,other,0.3606451055684352,10.356495244268316,15.42,12.18269426219419,7.789065203897196,consider
106950569,pl_refinance,0.5418467953728991,14.95167487136057,20.05,76.35097353040283,34.980443199353005,hold
104091099,pl_refinance,0.30750144015546943,7.9340897521597755,12.99,80.64293660867088,55.84511746313836,consider
128735552,pl_refinance,0.49496894369538186,12.048532977085111,16.990000000000002,51.60561887298877,26.062440210679053,hold
133848668,pl_refinance,0.6121796000512705,18.581842266688135,25.39,142.09590204332426,55.1076895615175,hold
103327200,pl_refinance,0.5506964062455911,14.217038623102226,18.990000000000002,34.95593351950208,15.705826553352487,hold
102660230,pl_refinance,0.4247661785040176,12.670502200279307,17.740000000000002,45.07634609243121,25.9294388218247,consider
121221325,other,0.33596578593190995,9.626177755110756,14.44,46.77413348300479,31.05962496610302,consider
112016115,pl_refinance,0.29005389630871914,10.36377283640817,15.42,24.171891081239835,17.16073989197624,consider
114154776,other,0.5576524033463386,15.698327625126318,21.02,19.14953504652317,8.470750804864585,hold
108906952,pl_refinance,0.5608718634085024,18.237415174457773,24.03,23.58105415965815,10.355104371993868,hold
125177690,pl_refinance,0.33147222177871233,10.01645693088799,14.93,41.012753562182866,27.418165017663316,consider
118549260,cc_to_pl,0.5492360021507124,17.872505389777842,36.0,126.55064519917119,57.04447476038515,hold
126908204,pl_refinance,0.34778149218270826,10.359918303020638,15.42,42.68738266011826,27.841501021208064,consider
102564032,cc_to_pl,0.4036225966188491,13.589055639657769,36.0,288.8075047839949,172.23826978006818,consider
97353625,cc_to_pl,0.26089002072035705,7.199253696095014,36.0,248.24502675825784,183.48037658357035,consider
124851004,other,0.5126077016527352,12.997876875609183,17.619999999999997,39.0597261288429,19.037409690751453,hold
127154862,cc_to_pl,0.22372305280172816,6.7444494024047845,36.0,99.9182950752477,77.5642690702694,consider
113096662,pl_refinance,0.5568821554252411,14.94639687964438,20.05,111.45809634182433,49.389071411395015,hold
145558098,other,0.2799291257589952,11.259281522169315,16.310000000000002,15.944710993902817,11.481321984899761,consider
126755152,pl_refinance,0.18747442187497548,6.7333000612557745,11.719999999999999,64.3554781512712,52.29047209037401,consider
105416104,other,0.4786248237812175,12.667902453026679,17.740000000000002,17.588549370354485,9.170233027401325,hold
124036746,pl_refinance,0.18813526601534347,6.743576719383036,11.719999999999999,11.603719234866816,9.42065042984779,consider
113049146,other,0.906066312168757,17.829090537388915,23.06,23.862528636213256,2.241495315778153,hold
109778904,other,0.5239791671798317,14.255606675567755,19.08,22.12269840929997,10.530865321024384,hold
112515828,pl_refinance,0.4547669506770014,12.055551306883263,16.990000000000002,57.55192526669043,31.379211707566956,hold
102573821,pl_refinance,0.44467256592835597,11.519311464882499,16.439999999999998,49.45658658430034,27.464599325801604,consider
96345935,pl_refinance,0.19558325663510837,6.752039557603524,11.99,54.36398929519294,43.73130322516293,consider
109828666,other,0.5938732930854238,14.936494362221675,20.05,24.64713136031679,10.009858294256437,hold
130032780,other,0.17866495910381114,6.739361339669462,11.71,51.31000704373707,42.14270673365152,consider
96512346,pl_refinance,0.43496324093820715,12.671202452667865,17.740000000000002,105.16242219444189,59.4206342118354,consider
99881797,cc_to_pl,0.1567772082151394,5.391892011388003,36.0,169.73978182338504,143.12845270606786,consider
100083756,pl_refinance,0.782057642907998,23.577103647554893,31.24,165.91904192656762,36.160787083922855,hold
125620719,other,0.515090082237807,17.180212616102597,22.09,33.66112673637093,16.322614197516387,hold
118599856,pl_refinance,0.3256329505463837,7.9253766706611,12.969999999999999,21.44846980282597,14.464141296226735,consider
133048961,pl_refinance,0.5295833539746378,17.483874273681483,22.47,52.50522130182094,24.699330103622003,hold
118210347,cc_to_pl,0.23805590538623372,7.289230970978159,36.0,132.24315062842362,100.76188767444616,consider
115389102,other,0.4731227123716928,12.041838832675767,16.990000000000002,40.39601488050505,21.283742751233238,hold
131532953,pl_refinance,0.6444472300366257,19.508606130246168,25.39,134.5943397220201,47.85539030955566,hold
137068248,other,0.6110830438419346,15.532515491015019,21.14,14.10157863595174,5.484343040117954,hold
129066827,pl_refinance,0.4772570487525895,13.40414472612565,18.59,25.053888526818355,13.096743628732662,hold
111072433,pl_refinance,0.286477815094253,7.218741945614539,12.21,104.25559432696309,74.3886794528219,consider
106065983,cc_to_pl,0.34379270063754763,11.411984579322095,36.0,64.3481578916774,42.225730909046305,consider
118153620,pl_refinance,0.45311647711999964,15.732697399898127,21.02,101.03266193229433,55.253098083477234,hold
112734705,pl_refinance,0.5800669364776952,19.127334454715154,26.45,31.19802279663884,13.10108128883125,hold
121841797,other,0.4249716192399218,11.052115317733424,15.91,58.06860993343503,33.39109874301174,consider
124060165,cc_to_pl,0.3684276807176237,12.048702908654793,36.0,225.35501566931907,142.3279899081881,consider
112017278,cc_to_pl,0.5457921348354701,14.938667155118434,36.0,139.47660920828275,63.35137290888153,hold
120272542,pl_refinance,0.5413769764355664,14.259758358633329,19.08,85.09917851985892,39.0284425556272,hold
129557361,other,0.581567764854783,12.972528608404017,17.61,132.22416928151597,55.326854692684265,hold
118181083,pl_refinance,0.5862416046155836,15.64564898128471,21.02,47.90856928970379,19.82257275447097,hold
129106435,other,0.3211400619000749,11.042396036052093,15.9,11.744423935136723,7.9728189056261956,consider
110647770,cc_to_pl,0.45718647126732986,13.408864789378734,36.0,178.50986521863587,96.89756985292107,hold
122994652,pl_refinance,0.304509388173949,12.032820531493892,16.990000000000002,12.088815792155714,8.407657891538804,consider
138225563,cc_to_pl,0.5342747772585198,16.366109035545197,36.0,432.33876211620395,201.35106628634492,hold
126355854,pl_refinance,0.6732415397257943,13.013808898406047,17.619999999999997,114.97808420822071,37.57006176115617,hold
110077241,cc_to_pl,0.30040763768969503,10.008783921299555,36.0,70.66879054766761,49.439346120854935,consider
99986256,cc_to_pl,0.5294647344377859,17.088084032112917,36.0,249.04011676635196,117.18215747830024,hold
128840556,other,0.543837293330426,17.865021409096,23.06,89.26793556280563,40.72070310513454,hold
132585380,other,0.2899257338668312,10.361220260519243,15.41,12.146999623564511,8.625271843422448,consider
96918391,pl_refinance,0.5137132535378837,13.359842986065306,18.490000000000002,12.655711317618739,6.1543046808085995,hold
131133728,other,0.4465270586397095,12.055995553176949,16.98,12.008569498124274,6.64641828165631,consider
117328559,pl_refinance,0.43542736825485034,12.04088754319275,16.990000000000002,57.7194606601596,32.58682780781693,consider
112677292,other,0.3176857611124348,9.42904687414057,14.44,11.959650426326988,8.160239778000642,consider
102368873,pl_refinance,0.711654395690555,15.66543076614365,20.990000000000002,118.60719983867648,34.19986471293428,hold
96660239,pl_refinance,0.1015519090756708,5.3962508903762565,10.32,33.4480178068913,30.051307743804458,consider
129817728,pl_refinance,0.5106845625262102,12.99538835054639,17.61,65.79543394081702,32.19472154252872,hold
128226171,pl_refinance,0.2862850197028645,7.936536619051341,12.969999999999999,80.25492756078393,57.27914404279293,consider
133506444,cc_to_pl,0.7247637393191388,18.879824210002973,36.0,563.8249729393024,155.18507723030132,hold
129375541,pl_refinance,0.3198285367427403,7.924660579555966,12.96,34.7821409310049,23.657819692261832,consider
102514729,pl_refinance,0.3964043809346316,11.516745575208862,16.439999999999998,59.547937078577206,35.94287394500942,consider
101512742,pl_refinance,0.5357935456259049,11.52675640334368,16.439999999999998,45.27932145161128,21.01895326751738,hold
103397756,pl_refinance,0.7005996907249996,20.959287024258497,28.99,209.8720928574037,62.83576950969827,hold
97152567,pl_refinance,0.43213998174982243,11.556822793623423,16.490000000000002,22.75629481221722,12.922389987372092,consider
109702023,cc_to_pl,0.366911902082794,12.051343759027393,36.0,120.17727268322477,76.08280097590017,consider
134957055,other,0.3338502602339545,11.042804532230582,16.05,12.113658159956373,8.06951023086977,consider
142279565,pl_refinance,0.5961652025676872,14.706911363966377,20.02,102.41431224961241,41.35846304149185,hold
112153761,other,0.41815601267557045,12.565397931187084,17.619999999999997,12.385264084100726,7.206291438759215,consider
96663200,other,0.41932967431597845,13.364008463371771,18.490000000000002,12.64564914891173,7.342953209784444,consider
127249560,pl_refinance,0.20221877514570577,7.285914769519988,12.35,79.56921601607337,63.47882661399894,consider
128145822,other,0.713363721521707,17.523634262608113,23.06,84.85080778744259,24.321319770069504,hold
124797305,pl_refinance,0.4595887618113347,18.549588911100553,25.0,44.56735513937633,24.08469957366434,hold
139278813,pl_refinance,0.4656360043030342,11.607955918868283,16.55,135.51021894052178,72.41178205082788,hold
134519791,cc_to_pl,0.3574200488589644,12.103453494582114,36.0,150.22630306314636,96.532410482415,consider
115706156,pl_refinance,0.1214810438121367,7.216210113386577,12.21,26.07746283516127,22.909545429973676,consider
111670918,pl_refinance,0.5977344552198045,14.947126834180581,20.05,12.748113529944504,5.128126834042907,hold
144732659,other,0.5941264639419919,11.647028645136558,16.8,71.17982223971205,28.89000614841238,hold
129465577,other,0.1939300501092782,8.067987277608568,12.34,75.73410058688137,61.04698266508635,consider
129130677,other,0.5454903503443789,14.90437882818182,20.04,12.82723418787927,5.830101716783613,hold
102694637,other,0.240217629315232,7.933106855110904,12.99,26.88609032235297,20.427577443562136,consider
104273312,pl_refinance,0.3750032461564444,11.400980688293732,16.39,12.104733851772352,7.565419363497919,consider
117231315,pl_refinance,0.5425926679491165,17.872597716018753,23.06,82.92206985782946,37.929162741806756,hold
109860640,pl_refinance,0.4867658720717222,14.92413356369159,20.05,18.629148611878435,9.561114841863715,hold
102155364,cc_to_pl,0.5085196303585631,12.671103557970442,36.0,93.40444659088459,45.90645193664181,hold
124988454,other,0.2570785799583549,10.35311270939064,15.42,12.190659108303436,9.056701775984402,consider
137462938,pl_refinance,0.13552997858897137,6.052831683339396,11.11,51.447879638220456,44.47514961240446,consider
100458876,cc_to_pl,0.4509977857382014,13.359844897286637,36.0,59.68128635527421,32.76515835903801,hold
115093986,pl_refinance,0.2629649186380398,9.465614700638103,14.44,27.36247912433737,20.16710702767093,consider
96319960,pl_refinance,0.40840522729015943,11.476383782171963,16.439999999999998,24.153570262474545,14.289125909559791,consider
96309654,pl_refinance,0.5324988566043111,17.133257286019568,21.99,28.48428221900167,13.316434506188772,hold
118165194,pl_refinance,0.39679494067438675,11.06858192188638,15.91,68.90015238917147,41.56092050945397,consider
129910478,cc_to_pl,0.7778746069628948,14.751167892195694,36.0,285.1279598800551,63.3341601542252,hold
108481473,pl_refinance,0.11901302304862343,5.400919112471451,10.32,24.93975325693077,21.971597827736687,consider
132351187,pl_refinance,0.15908252489400243,6.739306095975693,11.71,38.48334087260139,32.3613138402314,consider
104351558,pl_refinance,0.4222128312620998,11.575888070103712,16.490000000000002,44.41811188570637,25.664215107125553,consider
133439709,other,0.5335522507281807,13.941173616886005,19.03,37.98966386069657,17.720193203414887,hold
125861527,other,0.3265336891560595,10.36362195380136,15.42,14.219226262293205,9.576169853921877,consider
131401387,other,0.20039703190231742,7.918320717781328,12.96,12.055392426394462,9.639527565727336,consider
132865641,cc_to_pl,0.413781036585213,13.399497382085471,36.0,247.78219685950262,145.2546225956163,consider
111069441,cc_to_pl,0.5179201568207985,12.545420769299097,36.0,416.4467146585994,200.76056689511125,hold
119255838,pl_refinance,0.4561724746976507,13.012589326344859,17.619999999999997,92.00671498443523,50.03578412118399,hold
143865252,pl_refinance,0.6078727564614601,17.555628390812803,22.97,24.454053987026555,9.589100783275365,hold
115097281,pl_refinance,0.2834454586765709,7.93883953934435,12.969999999999999,53.47990823774376,38.321271117315554,consider
104982216,other,0.29397592782498516,10.446136024762742,15.49,17.04869279137492,12.03678750982734,consider
113967430,pl_refinance,0.8175130740430019,23.59415274837922,31.3,100.26267687825919,18.29662769173331,hold
126497985,pl_refinance,0.8119363026344972,20.659345389657734,26.45,131.54920769349292,24.73963038434072,hold
124957154,cc_to_pl,0.4326560262835662,14.259659315372964,36.0,495.79444640828365,281.28599137181516,consider
102368619,cc_to_pl,0.5502318740223899,15.649388742267128,36.0,256.041821829989,115.15945037636727,hold
114045434,cc_to_pl,0.5055470259505717,12.55107740194668,36.0,96.6563813622443,47.79203522541743,hold
96715320,other,0.5341981590035868,18.241359654247262,23.99,14.770068166579193,6.879924943635106,hold
106915541,pl_refinance,0.22268177507106346,7.494671716042432,12.49,84.0219361910456,65.31178229511593,consider
96852300,pl_refinance,0.7136040417097207,20.996490377175636,28.99,58.05224257714531,16.625927643781285,hold
97799572,other,0.27449040295620436,8.279739566179181,13.24,31.845239817855543,23.104027108015412,consider
126182754,cc_to_pl,0.8553726104922463,18.581481544803914,36.0,649.2727321576567,93.90262033052883,hold
110925093,other,0.20673296628719567,7.922503759296337,12.969999999999999,15.022035575237027,11.916485601096495,consider
131146654,other,0.38598310083519455,12.03506305899465,16.98,37.47834875033834,23.012339485499908,consider
129963996,other,0.36323643207635986,12.049317307687415,16.98,24.147939545119016,15.376528142754347,consider
99797000,pl_refinance,0.39613859218061204,10.483874979384556,15.49,40.61663658172017,24.526819347126,consider
96954913,cc_to_pl,0.49027961460169756,10.468483219751217,36.0,210.31515196774433,107.20192031610118,hold
125290170,cc_to_pl,0.3807528611591394,11.992676257127284,36.0,150.55665830899443,93.23177989128588,consider
127306366,pl_refinance,0.28506998006547496,9.445209442579865,14.44,87.91147997507323,62.8505561310527,consider
134498385,other,0.24663963957149831,9.53731302687382,14.58,16.692535412090308,12.575494494517883,consider
112180352,pl_refinance,0.16294222111699272,5.390451189229425,10.32,39.395364521128386,32.976196324342155,consider
132253477,other,0.20638921512316824,6.209363420645918,11.07,98.8887997879533,78.4792180152455,consider
136513867,pl_refinance,0.49269859699154916,14.889389483267063,20.02,47.98364220593612,24.34216901252691,hold
127531907,other,0.1912776597514491,6.193246636033615,11.08,25.35566920639843,20.50569613916666,consider
123012744,pl_refinance,0.3076088687387046,10.339679275259249,15.42,85.70806464074917,59.343503834824546,consider
110611435,cc_to_pl,0.2231153385117199,7.205959782199084,36.0,396.93039053671373,308.36913208652567,consider
114013956,pl_refinance,0.582530577380283,14.943012968787587,20.05,44.61219803917288,18.62422855720997,hold
116543220,pl_refinance,0.5186309581512539,14.06026702059897,19.08,41.30892471210069,19.8848375084659,hold
127556135,pl_refinance,0.11413422011579183,5.39923316778169,10.32,49.15840201429296,43.54774613825307,consider
118996867,pl_refinance,0.5437010345470622,17.13919094934357,22.09,96.9615977234696,44.243476729883106,hold
111658488,pl_refinance,0.501112520071485,13.397634230823249,18.59,25.08467981409035,12.514432697265224,hold
120560821,pl_refinance,0.3719599226668422,9.997386353515305,14.93,107.58655184505164,67.56866634077403,consider
102634186,pl_refinance,0.6490682360570559,17.12104744768393,21.99,61.31353421506287,21.516866715668073,hold
137560312,other,0.6464774876061558,13.54603147936217,18.560000000000002,103.17808709515725,36.475776573870874,hold
117776867,other,0.5332508581336679,15.743622541484362,21.02,47.053369097621726,21.96211964823473,hold
98622157,cc_to_pl,0.5370428040336467,12.66693627113594,36.0,74.14295888720159,34.32501634706746,hold
107630406,cc_to_pl,0.5740849816132347,12.667959819280329,36.0,151.24380903696846,64.41700970686483,hold
129072775,other,0.4611017052577005,14.25678837073453,19.08,17.693563052010234,9.535030956643672,hold
98927142,other,0.5686277007679554,12.667664243959548,17.740000000000002,60.13414476462333,25.94020428946818,hold
124835605,other,0.5401254873558361,15.73452548813272,21.02,25.250332319409836,11.61198426949178,hold
102567335,pl_refinance,0.2915114191918441,10.440532992600486,15.49,34.13445922436796,24.18387457252632,consider
116815693,cc_to_pl,0.315759030719775,10.345576575793276,36.0,140.68020212120427,96.25915785795077,consider
105157702,pl_refinance,0.48888896055645137,13.368655268651128,18.490000000000002,81.48627264442939,41.64853351167471,hold
119359002,cc_to_pl,0.39414191363456585,11.030184087989092,36.0,65.25390567529092,39.5346064203023,consider
123607437,pl_refinance,0.6764052785794128,17.17692134915076,22.09,102.65293586635744,33.21794818467934,hold
110986265,pl_refinance,0.3519181369670699,12.050903187837099,16.990000000000002,34.563019728273844,22.399666217543633,consider
126495892,pl_refinance,0.13573542688206583,7.318199887911655,12.35,11.79466909108126,10.193714647070639,consider
97536346,other,0.4121666925560987,11.539360286349496,16.490000000000002,14.271778941181594,8.389427018102996,consider
97550680,cc_to_pl,0.6373869194394173,12.994911654480466,36.0,635.7030876788999,230.51425494512011,hold
130834444,other,0.407596263292985,11.992085678332733,16.98,31.54640881881653,18.688210463954043,consider
103338774,other,0.1855173873962402,7.493080924912515,12.49,39.39771071362429,32.08875035263985,consider
118276468,pl_refinance,0.5924271038268905,21.04221649310566,30.82,80.21679505456757,32.694191482114874,hold
128916939,other,0.6506166271165706,13.690424356226371,18.58,38.32646037388588,13.39062799611135,hold
102595684,cc_to_pl,0.5069542579943711,12.66742155259922,36.0,133.45037362427968,65.79713848451138,hold
104028866,pl_refinance,0.5870608436096798,15.804608598695147,20.990000000000002,69.95599017039854,28.887567565413903,hold
97582314,cc_to_pl,0.5261351822439115,13.006277910266583,36.0,399.4140444860841,189.26826339962045,hold
143651281,pl_refinance,0.630064548056619,16.375517831579835,21.91,158.85755483016374,58.76704134071704,hold
109970653,pl_refinance,0.501776272488352,15.716436837303396,21.02,32.93465553844777,16.40882684667759,hold
116826191,cc_to_pl,0.20730967997783784,7.925494185133456,36.0,72.50894173708991,57.47713623004212,consider
131259474,pl_refinance,0.23546212103071051,6.744364713648882,11.71,32.03696963696774,24.493476814850844,consider
143987219,cc_to_pl,0.45992565991088213,15.51114106215288,36.0,54.43817398070601,29.40066088828639,hold
107653381,cc_to_pl,0.3567765661136755,11.511764588590895,36.0,152.08761322313194,97.8263168289581,consider
97862645,pl_refinance,0.8688746309951694,23.639150581156414,31.24,246.93614166475118,32.37959269641963,hold
108073638,other,0.29977969722262643,7.927586298520904,12.969999999999999,32.15849230636559,22.51802921962715,consider
129701539,pl_refinance,0.10136059124935799,6.184495853077395,11.07,39.75352150344327,35.724081059610185,consider
126475805,cc_to_pl,0.6777578417681237,17.535154593941257,36.0,201.2277556482582,64.84406627625137,hold
99251330,cc_to_pl,0.34877918680603825,11.49820450166475,36.0,121.72944138558017,79.27274580876423,consider
109437962,pl_refinance,0.36382685929881964,12.55383221959404,17.619999999999997,29.95091719227571,19.053969057091017,consider
135543699,cc_to_pl,0.5040402149249136,18.08297748961455,36.0,125.85363795820558,62.41834323266938,hold
134842884,pl_refinance,0.3659366380477947,11.048389974088861,16.05,85.63153218296407,54.29581718504867,consider
97779498,pl_refinance,0.4501736720599879,13.367551786438634,18.490000000000002,15.436862059173166,8.487593180911677,hold
105700263,cc_to_pl,0.31576778382343207,8.30979946789475,36.0,162.16958644841446,110.96165553203615,consider
142171899,other,0.21953795320997688,7.809779238403739,12.84,38.115004954828464,29.747314780457298,consider
140917771,cc_to_pl,0.2013819603459121,6.6032261344035295,36.0,167.11808749061868,133.46351942249822,consider
111598673,pl_refinance,0.16932609864065004,5.4096691098799115,10.32,19.622571794702253,16.299958267409263,consider
123973765,other,0.1357954037431929,6.206625355352736,11.08,12.39643301299435,10.713054387019337,consider
96750447,cc_to_pl,0.5247638880909213,19.109226164234425,36.0,110.80152498432813,52.656885927148736,hold
124054695,pl_refinance,0.3204397438125077,10.345144486841228,15.42,71.34775361238167,48.485097723232165,consider
126423561,cc_to_pl,0.41557731770117434,12.547582880465768,36.0,109.3085072072816,63.882370980160026,consider
126813457,pl_refinance,0.19983818744253187,6.205061421830612,11.08,34.71928301073581,27.781044424566073,consider
125856893,cc_to_pl,0.20477244517548512,6.748629032988176,36.0,75.20749110540314,59.80706925623619,consider
99626403,other,0.5800637383241929,18.571285781976435,24.99,66.51595462715215,27.932461327923882,hold
112433439,other,0.1649365560347906,7.204174723436151,12.21,31.366050624044476,26.192642257701685,consider
112789756,other,0.6030331434082529,22.254951371457842,35.989999999999995,92.57007361981152,36.7472511393232,hold
134623324,other,0.10410110815269404,5.394300874027013,10.309999999999999,44.18754188756952,39.58756981052995,consider
108709548,other,0.7069867666989812,21.111965762992565,29.85,39.74382230298551,11.645465876738927,hold
119394775,other,0.28818192912767215,9.463021401962546,14.44,41.065090810926904,29.230873721230946,consider
124128574,cc_to_pl,0.5145567205037703,14.950298993363813,36.0,418.2165167648516,203.02039743781947,hold
109172969,pl_refinance,0.5662388820987274,15.704226954492812,21.02,13.3707652477882,5.7997180810760955,hold
97278836,pl_refinance,0.489447289894151,14.90323939151023,19.990000000000002,38.040501896339265,19.4216813369627,hold
96566416,pl_refinance,0.4535611260439887,13.357403359609362,18.490000000000002,77.33130562544375,42.25683156751565,hold
124142331,other,0.8135383372825963,23.56876592819179,31.3,167.63570162352426,31.257631655520907,hold
132822124,cc_to_pl,0.2514032053238822,6.758266517863658,36.0,266.2938363095701,199.34671230335098,consider
122702735,pl_refinance,0.6129680363081124,12.564131539698318,17.619999999999997,25.40741801831416,9.833482887968778,hold
109082004,pl_refinance,0.41693157090673894,12.54761328463252,17.619999999999997,28.786976784502485,16.78477733208404,consider
129810041,pl_refinance,0.6225843097130677,21.066729883885685,29.84,99.72441733948403,37.637559808643495,hold
139914416,other,0.35148396048232944,9.897720736619155,15.08,40.465425603152994,26.242477549553726,consider
110591676,pl_refinance,0.7534271328678664,18.558552079976106,24.03,63.466378533706916,15.649086921549408,hold
106005555,pl_refinance,0.5555028448379291,14.89516055626404,19.990000000000002,19.050303865100375,8.46780587301012,hold
117048465,other,0.4864436927518896,19.164240371887676,26.45,18.95803300292698,9.736017421670986,hold
132577943,cc_to_pl,0.1986201606511574,7.299481175723417,36.0,317.23483614461963,254.2256020254317,consider
110477150,cc_to_pl,0.5629613541659425,13.397693196519459,36.0,218.68091283187073,95.57201001379634,hold
114167838,cc_to_pl,0.5765516901285599,17.870699160955528,36.0,354.37342139396924,150.05882635263592,hold
111757615,cc_to_pl,0.44454390270539723,13.401935308308845,36.0,145.7607672748449,80.96370692915221,consider
125681875,pl_refinance,0.6083469487540843,18.55096701984127,25.0,16.652190946858497,6.521881394266743,hold
143371953,pl_refinance,0.3573142555385686,9.92226614518534,15.33,88.46671543827847,56.8562968715076,consider
136597842,pl_refinance,0.1038770635651153,6.075337190620223,11.11,51.224022650363395,45.90302159345069,consider
97479253,cc_to_pl,0.1331954211245518,5.39609637121559,36.0,84.86243925117202,73.55915091745547,consider
119415209,cc_to_pl,0.384303217562762,11.067504576463364,36.0,245.45289568846454,151.12455811529063,consider
109987341,other,0.8411956086771462,23.616531818901002,31.3,183.30239558831613,29.10922535942351,hold
98888768,other,0.4477557783804595,14.89041906475155,19.990000000000002,12.733989884109008,7.032272331660881,consider
126613283,cc_to_pl,0.2858818963659004,10.002201628579881,36.0,67.67786664213531,48.32998978448315,consider
137894763,pl_refinance,0.21221648688083278,6.0489150342969324,11.11,77.23024942432573,60.840717210564875,consider
111631445,pl_refinance,0.6353701965659536,14.952846548010012,20.05,47.708614356552175,17.395982674940342,hold
114141849,pl_refinance,0.35660779018900396,11.04226301839844,15.91,55.413843260088356,35.652835069228416,consider
104441776,pl_refinance,0.35562801018771406,10.462559748469404,15.49,99.13270384184943,63.87833763004456,consider
135872758,other,0.3133405021232006,11.041066257918803,16.05,71.46220626172692,49.07020266884568,consider
124881428,pl_refinance,0.659465774415844,17.542728597833378,23.06,155.0412410310853,52.796848948127106,hold
99881823,cc_to_pl,0.3430603916278181,8.304951795780092,36.0,158.95086786744093,104.42112088725509,consider
126480888,cc_to_pl,0.49208601014138253,12.554291099542795,36.0,61.620611582337716,31.297970686313285,hold
118264878,pl_refinance,0.40088737017924375,10.347533244557434,15.42,34.231356433798794,20.50843797538486,consider
118128197,pl_refinance,0.20836659852682002,7.00052479254677,12.07,92.31709557150157,73.08129638139242,consider
127048733,pl_refinance,0.7648601597773628,17.854290434127485,23.06,52.005181848286384,12.228490150555254,hold
102636341,cc_to_pl,0.40393115099111604,11.475116530213684,36.0,76.14716932846764,45.388955576904294,consider
128568706,other,0.2725671849249155,6.748349264674124,11.719999999999999,102.66363154537294,74.68089450088188,consider
102616943,other,0.35174164755475573,10.478703693885011,15.49,12.066807995470128,7.822409070416566,consider
141801699,other,0.6230237647028002,16.233570822065545,21.91,60.46957362627495,22.795592215659973,hold
97530641,other,0.44504794096428296,13.362512983729781,18.490000000000002,24.72222300713952,13.719648561752253,consider
114205260,pl_refinance,0.34897074878027207,10.360970231708043,15.42,79.66608371854954,51.864950830895474,consider
111025219,cc_to_pl,0.17893954395036094,7.295634559698595,36.0,198.32536598934,162.8371154454191,consider
119200034,pl_refinance,0.5082968483523924,10.309104551905197,15.42,134.46849029819464,66.11858047691804,hold
135429733,cc_to_pl,0.4305241905565204,13.010057663287318,36.0,105.8117206379763,60.257215258918876,consider
122347905,pl_refinance,0.7393299130296312,24.540403464431318,33.72,370.7856719587444,96.65273335685252,hold
120953111,cc_to_pl,0.3453810318472225,10.021081718638154,36.0,94.1832237507862,61.65412474904182,consider
124843277,other,0.5957537045594191,17.868024634971235,23.06,57.05835768801683,23.06562971930439,hold
112706609,pl_refinance,0.5675838689580756,15.702959036448192,21.02,20.318572985121193,8.786078718519072,hold
143161872,pl_refinance,0.383232601787333,10.460757950857936,15.47,28.210718048984006,17.399451172782992,consider
114188258,other,0.6188520511937133,17.87065962906547,23.06,34.563593466498276,13.173842753130188,hold
128242506,pl_refinance,0.39083043618714175,11.035182955275626,15.91,22.196950578858434,13.521706702098763,consider
107071626,pl_refinance,0.57398645050672,14.940998405384022,20.05,38.25380424675552,16.296638928781427,hold
97313683,cc_to_pl,0.39693945440251,11.413912767994294,36.0,280.0427469234886,168.88273175029886,consider
126161577,pl_refinance,0.6342019652999807,14.954416476238153,20.05,31.79614545838143,11.63096751971187,hold
117837465,cc_to_pl,0.33620507953920803,7.286302699497434,36.0,661.2757464867873,438.95148154184784,consider
110716039,pl_refinance,0.607477560562453,14.767280084439486,20.05,53.01496125289822,20.809561917674646,hold
121751956,pl_refinance,0.6089552737158602,15.77889131944798,21.02,108.90248412025687,42.58574209446873,hold
103991589,pl_refinance,0.5928599772779131,11.562746483887095,16.490000000000002,14.205739690348167,5.7837251803124055,hold
143178597,other,0.28548367448280704,10.481444567846895,15.47,28.096659003382285,20.075521550406265,consider
131077683,cc_to_pl,0.49456860575495215,12.552444956273298,36.0,61.62504102003925,31.147230403166706,hold
120118084,pl_refinance,0.28485237384617856,7.920645036434495,12.969999999999999,21.468147860130557,15.352894980091609,consider
109338447,pl_refinance,0.17217728295157983,7.296819379262514,12.35,39.701252622309994,32.86559881602638,consider
111488761,pl_refinance,0.6584166860290185,18.236749218632525,24.03,35.376093944124705,12.083883404782886,hold
138630115,cc_to_pl,0.32063447571010295,11.504138042718074,36.0,152.37073793409365,103.51542626303404,consider
112706645,other,0.4928651141524547,17.14683452216487,22.09,112.95071523699926,57.28124807811421,hold
129224395,pl_refinance,0.6649210320663994,17.148481003372286,22.47,44.50266285842093,14.911906340896666,hold
133933975,cc_to_pl,0.1508659432461215,5.420882473271035,36.0,678.2911990296043,575.9601574924603,consider
119307992,pl_refinance,0.6379192010967409,17.16315937174278,22.09,32.16735031994028,11.647179902444984,hold
110805545,other,0.5841567024434591,21.53111035910583,31.3,26.092142556410522,10.850242600973106,hold
111698183,cc_to_pl,0.19236375861629487,7.926615771077463,36.0,196.2265625225604,158.47968341536532,consider
102655592,other,0.3335340355212271,11.55979360209536,16.490000000000002,14.214078929029085,9.473199822612774,consider
119852712,other,0.46664567465779105,13.684302571534266,18.59,144.45589121782587,77.04617440219104,hold
102373937,pl_refinance,0.4138068841800642,11.502686903932926,16.439999999999998,28.43580194867735,16.66887134513378,consider
129552517,other,0.12793726631166114,5.399837801688881,10.309999999999999,61.30365520080454,53.46063313950096,consider
96513453,pl_refinance,0.590768829619956,15.831759603966406,20.990000000000002,98.69413943060965,40.38871818883963,hold
125066433,pl_refinance,0.25987096981653846,7.932664628794041,12.969999999999999,66.92971635280719,49.536626054657354,consider
106136154,other,0.6826270107866858,20.979794275708198,28.99,57.42280570378949,18.22444749522702,hold
132123397,pl_refinance,0.5890715631606199,21.39424230865487,31.77,127.85786547980115,52.540432799234424,hold
116474137,pl_refinance,0.835862288289987,24.93143832762524,35.17,244.91764662609467,40.20022207460877,hold
110773640,other,0.5428562694618525,14.789882130567824,20.05,162.44205436215907,74.25936672739795,hold
116597433,cc_to_pl,0.24718351391543322,9.45156455953703,36.0,476.777189744618,358.92572862881804,consider
105802728,pl_refinance,0.18275118688133146,6.752853044330524,11.99,32.61379614224006,26.653586188539904,consider
128641093,pl_refinance,0.5833183727910514,15.708240283336005,21.02,60.89451703937016,25.373626448067807,hold
100043591,cc_to_pl,0.24824784112002465,7.941193617775283,36.0,491.7009448521096,369.63724681589713,consider
110733906,pl_refinance,0.5498572847095027,12.547553568012946,17.619999999999997,104.95363622083164,47.244114788056244,hold
102526599,cc_to_pl,0.1144345728139679,5.3882682517918425,36.0,237.66047743491686,210.46390222488847,consider
96924891,pl_refinance,0.3662655666702941,10.472412016208192,15.49,49.75441017703599,31.53108293919766,consider
135310259,cc_to_pl,0.3171349223171193,10.053331260024201,36.0,314.22976104839427,214.57653018858477,consider
105673702,pl_refinance,0.5350364931306132,17.124023309549173,21.99,31.708436975030224,14.743266053256985,hold
98125550,cc_to_pl,0.4226186750146648,14.214817097651718,36.0,63.78525776538231,36.82841664310758,consider
127864654,cc_to_pl,0.7204366642587651,17.536563650276946,36.0,335.35413182514674,93.75271974764385,hold
134301316,other,0.3960151535724329,12.100713204859884,17.130000000000003,35.29229063861186,21.31600874143905,consider
101831383,pl_refinance,0.47722988954703655,14.889088622558857,19.990000000000002,34.96557048452581,18.278955144246435,hold
125805759,cc_to_pl,0.5547612796858169,17.841491321058175,36.0,91.26305514490565,40.63384588468052,hold
96719161,pl_refinance,0.5315015325026644,12.663912461079192,17.740000000000002,57.7710573589228,27.065651838356004,hold
110760096,other,0.5286480489469498,14.263097887482708,19.08,24.739211588518344,11.66087564976235,hold
131449673,cc_to_pl,0.4595010663719905,11.196224484658114,36.0,186.02895769706913,100.54845325919595,hold
102096880,pl_refinance,0.4856215481308146,14.030800910461018,18.990000000000002,103.60014284042313,53.28968108768332,hold
107335301,other,0.30341803937438727,8.303961566027379,13.24,11.664444713634623,8.12524176823267,consider
136972009,pl_refinance,0.5793795998772091,16.03577160344388,21.91,19.03099297205611,8.004823878640263,hold
145397243,other,0.17131655034016025,7.534966848718798,12.559999999999999,26.452920942452124,21.921097780170246,consider
129056089,other,0.644269733693863,12.998990905042222,17.619999999999997,32.9548148104343,11.723025048585223,hold
121913513,other,0.32396488518896016,10.292161656720271,15.42,33.725661214999434,22.799731251560377,consider
133509939,pl_refinance,0.4078418175692628,12.025496645649776,17.130000000000003,53.51605965952962,31.689972618841953,consider
112116694,pl_refinance,0.5716240661450167,14.94737391224906,20.05,44.57487694438635,19.094804537522464,hold
132431249,cc_to_pl,0.44823183355769547,11.035946533707849,36.0,92.1375107011194,50.83854534011486,consider
110714884,pl_refinance,0.37958026009385315,10.008884509994406,14.93,27.38337975297992,16.98918934409505,consider
117000246,pl_refinance,0.8486296530797801,26.185269275831356,35.989999999999995,227.1414786588996,34.382484424569355,hold
121255794,pl_refinance,0.6058104952826715,17.11911994720054,22.09,94.58921232992316,37.28607475993463,hold
139890770,pl_refinance,0.7888475889940928,23.521588350500306,31.31,168.87900286692206,35.65920862362411,hold
135716835,other,0.8306798165287389,23.333070624602783,29.84,101.98527303525998,17.268165141696876,hold
121886924,other,0.4626955861425107,19.097840228408042,26.45,62.51101177628891,33.58744254209752,hold
96591287,pl_refinance,0.5733581237081273,17.117526095366586,21.99,45.71985590935037,19.506005108959304,hold
109738614,pl_refinance,0.21127094265056612,7.008208703703153,12.07,47.40745681706517,37.3916387266578,consider
116211069,pl_refinance,0.5405319790127382,19.107431930110867,26.45,83.41509718677594,38.32656962486805,hold
118312329,pl_refinance,0.6801601916726278,21.55650504930525,31.3,29.75224363856921,9.515951902669256,hold
97485798,cc_to_pl,0.11792564149342402,5.402271184498344,36.0,84.8473555178933,74.84167668942513,consider
98139083,pl_refinance,0.5674166777180331,15.853795627205852,20.990000000000002,163.8072025933102,70.86026391152936,hold
99248504,other,0.490113318770696,12.660121943924484,17.740000000000002,12.458109081536492,6.3522238939772935,hold
111897363,other,0.5082708566495737,17.87344654919857,23.06,17.27317783956218,8.493724941987479,hold
111408564,other,0.5191158999439209,13.69074761961632,18.59,144.27172290193334,69.37797763123623,hold
96250290,pl_refinance,0.39236268018239384,14.16663611253471,18.990000000000002,58.86259762171824,35.76711105636307,consider
132929123,cc_to_pl,0.3684072003874012,12.059325725452766,36.0,292.80022257631686,184.930512304168,consider
134535062,pl_refinance,0.5954764272279567,16.023788086261554,21.46,114.26974930217727,46.22480724748245,hold
110927533,other,0.455502955665096,13.401114466634162,18.59,12.807891641921259,6.973859143187846,hold
134135235,pl_refinance,0.14444123015114707,6.273131173740177,11.190000000000001,65.19088931538556,55.774637068024,consider
100087130,pl_refinance,0.8370842075001137,26.203448827384626,35.84,379.06232553098675,61.75523917073059,hold
108104274,cc_to_pl,0.4926440252194527,13.404832937709212,36.0,145.7436370556086,73.94390504641059,hold
125048431,pl_refinance,0.7430325640841591,20.634902264266863,26.45,154.1004488959718,39.59879722627795,hold
107169488,pl_refinance,0.36866633583872055,11.55201223634807,16.490000000000002,11.993386048558136,7.571828359736977,consider
115080150,other,0.691894941871283,22.669909095813356,28.88,157.88605163116495,48.645491115533694,hold
109046956,pl_refinance,0.7112830864036659,14.075293084104173,19.08,59.91123744250331,17.297387564136685,hold
131505522,cc_to_pl,0.5676650050376215,15.699865088321173,36.0,94.9688321015567,41.058349548209485,hold
133415644,other,0.33850276603185103,12.107214574374385,17.130000000000003,17.62380634437116,11.658099148791838,consider
128656875,other,0.7164011145477033,19.36436130212424,25.0,102.05090925531147,28.941524124199805,hold
132980291,cc_to_pl,0.3663693619164333,10.366013941704393,36.0,93.70808043738404,59.37631080112584,consider
123026764,pl_refinance,0.7089954385508034,19.10521994486966,26.45,52.14988219474475,15.175853597708963,hold
104346390,cc_to_pl,0.34134482533796484,11.399201726624437,36.0,106.82870362915668,70.36327844778098,consider
130973638,other,0.5391261378790755,12.07372886243889,16.98,95.45844480135895,43.99430212765939,hold
126059238,pl_refinance,0.6770622686415663,18.538102447949814,24.03,72.38173721591738,23.374794008290674,hold
106085182,cc_to_pl,0.3587155004341797,11.637619862095917,36.0,278.45778780500916,178.57066310274067,consider
125688392,other,0.7751876686645389,18.57313949639312,24.03,167.8438781383113,37.7333735446588,hold
110141571,pl_refinance,0.753996297096761,18.54704648097305,24.03,53.95923384475526,13.274171331631573,hold
98868603,cc_to_pl,0.46177719052397664,11.520909634577453,36.0,372.39226854972844,200.4300130059846,hold
124066964,other,0.3689439685061877,9.365707299635705,14.44,12.107559769132507,7.640548618982898,consider
102286809,cc_to_pl,0.3912304837296627,11.502138054686808,36.0,64.1338544884276,39.04273557347227,consider
123957328,other,0.5874243310825897,14.260821772952616,19.08,29.46537632803762,12.156697348443346,hold
99842129,cc_to_pl,0.47838807518118326,11.408810438582613,36.0,183.0693136410195,95.49113706355183,hold
138158887,pl_refinance,0.36071775069519374,10.251600234896243,15.47,40.20401373051743,25.701712328726497,consider
113155790,other,0.5671147254295955,20.60768850922745,27.91,187.1170257641454,81.00020507470954,hold
129634389,cc_to_pl,0.1690399941756294,7.285867292010052,36.0,413.24033041678933,343.3861873700001,consider
120122763,other,0.2967431125361456,10.348835344881243,15.42,19.96371398134869,14.039619356741913,consider
96725349,cc_to_pl,0.47639614275861797,12.671648961043813,36.0,177.905857193837,93.15219305252752,hold
118676524,cc_to_pl,0.5411790024119851,12.558490902319297,36.0,312.1761437233929,143.23296968634662,hold
99230426,cc_to_pl,0.628211550616332,18.558572355022356,36.0,188.02695112775166,69.9062486021255,hold
99936513,pl_refinance,0.1296074352599033,5.411924381366699,10.32,12.25900488813383,10.670146705744187,consider
109340372,other,0.824543122687255,23.445866708052826,30.82,90.02675630054182,15.795813535088554,hold
106165857,cc_to_pl,0.4881096619785842,14.214209060763288,36.0,141.74727418086485,72.55906009405722,hold
96850849,cc_to_pl,0.26352765828439045,8.318626307494672,36.0,162.123357608885,119.39936882501271,consider
110001916,pl_refinance,0.49723270928877505,14.264545489178708,19.08,28.265052324329076,14.21074377891394,hold
107663964,pl_refinance,0.8519616032916454,24.93270744696678,34.489999999999995,315.03843135107627,46.63778427872837,hold
125860696,pl_refinance,0.23248318568602325,6.204513539696215,11.08,99.20781293981827,76.14366454262624,consider
126163511,cc_to_pl,0.6340783244694342,15.702938166916185,36.0,57.393728454154825,21.00160928089064,hold
121819142,other,0.3767589385863675,10.342720532195546,15.42,12.215128084078628,7.612969392424636,consider
107084204,other,0.6357963466283443,21.113740939372498,29.74,97.90499222450148,35.65735585148699,hold
96250603,other,0.2158798603280954,11.47433687093926,16.439999999999998,12.05422724897079,9.451962354099855,consider
109669636,other,0.5316125926851129,14.259904281650922,19.08,21.21882495885461,9.938630408746329,hold
111124556,pl_refinance,0.6190856936592053,14.77202366385641,20.05,48.89378350940319,18.624341629861306,hold
122207451,other,0.6216794809177941,17.150597254361227,22.09,34.50526891610684,13.054051247412644,hold
122308437,pl_refinance,0.3814100697949092,12.045875803346828,16.990000000000002,14.415617870038346,8.91735605209028,consider
124120298,pl_refinance,0.6980563632907117,14.790069173979491,20.05,87.30970215457296,26.36260898855654,hold
120557269,pl_refinance,0.38817173964181373,7.934391576585725,12.969999999999999,34.79208847737914,21.286782967342976,consider
113688554,pl_refinance,0.731594273756795,16.902984911692126,22.09,75.24609598748714,20.1964830404874,hold
132377438,other,0.12625074550907214,5.395650427473436,10.309999999999999,49.08399442435473,42.887103535716804,consider
131601886,other,0.5006523009236873,10.080714077956102,14.92,125.27044465729523,62.55350830188694,hold
113050253,pl_refinance,0.21141079258324066,7.92579638397545,12.969999999999999,26.807763421837024,21.14031290944245,consider
97454482,pl_refinance,0.1439425437053273,5.39012695850515,10.32,44.32263605137848,37.942723074417614,consider
124825205,cc_to_pl,0.6889926917491892,17.159702498712985,36.0,50.35767305650853,15.661604347079098,hold
127011997,pl_refinance,0.3902284912775046,14.257104929307177,19.08,14.74426144229244,8.990630544665578,consider
130667977,pl_refinance,0.8046455905249374,24.563058226608025,33.72,317.0643768103962,61.93992409737367,hold
115395531,cc_to_pl,0.43613593093129915,10.00863666989173,36.0,204.14937252784716,115.11249589137397,consider
96323284,pl_refinance,0.9675348225220516,11.534488876072615,16.439999999999998,90.41902457578271,2.9354696802357654,hold
104161318,cc_to_pl,0.3607551570461656,10.47441363127985,36.0,171.33405380087737,109.52441031458568,consider
107695622,pl_refinance,0.6349194783085654,15.668008650986073,21.02,95.42690821069118,34.83850543295978,hold
114002158,pl_refinance,0.7056651477245164,15.796902843534944,21.02,74.99821275979093,22.074587873578356,hold
119329242,pl_refinance,0.8727022071609837,22.30072994741493,35.989999999999995,316.3310945605115,40.26825014390327,hold
106166141,pl_refinance,0.5492570505908396,13.027175690294337,17.740000000000002,84.32477341782806,38.00879707861098,hold
109652896,cc_to_pl,0.6474634222395746,17.873275908369678,36.0,118.31978313218633,41.71205142677667,hold
110779927,other,0.5214733045873194,14.948094572272373,20.05,12.745745018345588,6.09917924420155,hold
97873743,pl_refinance,0.47470110713674635,14.203750926549048,18.990000000000002,29.20919406284071,15.343557302638144,hold
132102342,pl_refinance,0.33704435902288893,12.048185404484201,16.98,30.19171276475538,20.01576628815523,consider
115357401,pl_refinance,0.39077249513536993,13.39281431287317,18.59,25.107474464934683,15.29616402172457,consider
108968778,cc_to_pl,0.5931050794042386,14.948907631677272,36.0,434.9725184730178,176.9881083654169,hold
124723698,cc_to_pl,0.5723938310394767,14.073626204919776,36.0,457.44499869355354,195.606303401502,hold
125310132,pl_refinance,0.34707093782885623,6.7316943858525455,11.719999999999999,64.37574634980331,42.03279569074451,consider
110052387,cc_to_pl,0.699373201794796,18.544073363862974,36.0,292.7465953634669,88.00747164959347,hold
126272655,cc_to_pl,0.27750882350872436,7.919053118309037,36.0,130.85090023069625,94.53862085261827,consider
137963821,other,0.5412236705147675,14.889868494373928,20.02,14.393868400851801,6.603566112036263,hold
124911583,other,0.14736037601220528,6.73923615815691,11.719999999999999,38.56799261642277,32.88459872243075,consider
133049724,other,0.5520185747580274,15.856900393338462,21.46,28.791641670877766,12.898120670775992,hold
102423452,pl_refinance,0.7821257667500332,26.08282825704484,35.989999999999995,182.07325201535355,39.66907017817313,hold
112052588,pl_refinance,0.6535014836194228,18.55430451225359,24.03,121.25233309239604,42.01375352419879,hold
141290014,pl_refinance,0.2845098805935876,10.425445084584046,15.47,71.0121241563694,50.80847319194372,consider
126367379,pl_refinance,0.16133101012524848,6.191601606917728,11.08,12.433823525292098,10.427862216237646,consider
120051743,pl_refinance,0.6372238925686797,20.584342765166152,26.45,83.25041715862005,30.201262278837778,hold
119426668,other,0.5528793162685977,15.721907275412162,21.02,45.04942364143369,20.142529100263435,hold
130941312,other,0.25635010596581764,10.009932126256935,14.92,19.66832014759069,14.626344193586192,consider
96487678,other,0.3350123739111916,14.166553408976949,18.990000000000002,21.191270385085545,14.091932587184104,consider
116685306,pl_refinance,0.25158923465130345,9.46022874016818,14.44,38.34806934423409,28.700107927563124,consider
115403233,cc_to_pl,0.3045665434920316,10.350480503841524,36.0,187.5380051313171,130.42020313508098,consider
138400174,pl_refinance,0.5964226794844534,18.488850934525566,24.92,66.54323588898023,26.8553408385086,hold
106490499,pl_refinance,0.6204526714557964,12.999291912812987,17.740000000000002,84.80918018443936,32.18909777502797,hold
120023848,pl_refinance,0.1422402773243011,7.008325506064957,12.07,26.337355088955007,22.591122397113455,consider
112918361,pl_refinance,0.45386349636118634,12.559995010183725,17.619999999999997,17.948964689081492,9.802584819231493,hold
99874286,pl_refinance,0.6889708788062541,16.897897945710746,21.99,123.82646623737742,38.513636974338546,hold
100136327,pl_refinance,0.8619842523805227,26.259562977893765,35.94,189.69631647564347,26.18107893904691,hold
119262817,pl_refinance,0.5984631791219068,15.71087137304425,21.02,42.33115253212674,16.997516411855813,hold
127176405,pl_refinance,0.2673727189440799,9.465642793494151,14.44,16.417396718266218,12.027832719719765,consider
113578752,pl_refinance,0.4072679828459346,13.404572401891176,18.59,15.657416113975046,9.280651836656997,consider
107055090,pl_refinance,0.19092419094911547,6.765818044216209,11.99,12.196979612702961,9.868281148124792,consider
139088076,pl_refinance,0.27128057112389625,12.593450189567081,17.73,24.346877518060637,17.7420426798776,consider
114139000,pl_refinance,0.3284719328905324,9.449582960324738,14.44,21.959034304470435,14.746107862071526,consider
135349034,cc_to_pl,0.19942753007047187,6.922173330217728,36.0,331.7978787148804,265.6282472801498,consider
120157282,pl_refinance,0.2836798879553761,9.44918634593287,14.44,27.45092807119994,19.663651871690853,consider
133160286,pl_refinance,0.5996699922531787,21.042190151336328,28.87,28.0079789158778,11.212434416366166,hold
109330629,other,0.13019971585270945,5.447111745067897,10.32,11.22790571272435,9.766035579306626,consider
113904102,other,0.363435274357675,9.38169522434542,14.44,13.907515362167572,8.853033700884621,consider
104170974,pl_refinance,0.5246980964182129,13.008962651016073,17.740000000000002,118.49707613862915,56.32188585756641,hold
96217190,other,0.12477066395747573,5.398069971966497,10.32,19.66790692986831,17.213929123574804,consider
112800016,pl_refinance,0.6874353217516371,20.613832326683838,26.45,88.3680001400304,27.620715531219886,hold
125619649,other,0.11298683636715075,5.439899769383435,10.32,11.244161785145991,9.97371951744193,consider
131115948,other,0.6824675852813445,9.402061611604033,14.43,110.5772333244804,35.11185591043044,hold
105031403,pl_refinance,0.5885033444649413,15.729660608123261,20.990000000000002,34.15784938240279,14.055840781129016,hold
96352127,pl_refinance,0.5838293057143681,14.731901096473202,19.990000000000002,60.77147088421839,25.29130523064423,hold
112729069,other,0.30262139103575814,7.922448783469263,12.969999999999999,11.89451033474009,8.294977071551843,consider
136896045,pl_refinance,0.15589110648231,6.057586526826747,11.11,25.700294070797554,21.693846791180174,consider
103087265,other,0.30710609166079444,11.502449519251819,16.439999999999998,11.987382938159783,8.305984614780241,consider
138244637,pl_refinance,0.32740578049593566,9.851568066008674,15.08,125.59982470518071,84.47771606742832,consider
99995815,pl_refinance,0.569424487232024,17.86759486145715,22.99,42.59409890407005,18.339975976509848,hold
118653533,other,0.6899145146517925,23.528307885197208,35.75,311.1057332705552,96.46937229581009,hold
126379802,other,0.1516883404911006,6.7443700693834066,11.719999999999999,90.47958152200613,76.75488395260378,consider
97478630,pl_refinance,0.5877750542554245,15.668368554064733,20.990000000000002,18.20546101135048,7.504745177658935,hold
107050643,cc_to_pl,0.37822305424034847,11.50352084637932,36.0,129.31492581763803,80.40503961602688,consider
138945441,cc_to_pl,0.6743316202330983,13.524634011957845,36.0,181.246309458481,59.02619194007397,hold
105945989,cc_to_pl,0.8135514400363162,24.600009305498215,36.0,290.21729343860284,54.11059643818536,hold
102657840,other,0.6327757847396552,16.883621740385905,21.99,47.13983275208318,17.310888089887644,hold
119264584,pl_refinance,0.6353873219407704,12.978350146867209,17.619999999999997,66.19416940701763,24.135233379399022,hold
135684385,cc_to_pl,0.697207535037295,20.94417753995533,36.0,526.8047897618621,159.5125208461538,hold
145451903,other,0.6265222189675591,18.73754532717374,25.89,75.33653844910418,28.136523210636597,hold
115044970,cc_to_pl,0.7715056549513056,17.52987230175527,36.0,447.42466259271055,102.23400523775446,hold
117554384,pl_refinance,0.31015101580449544,10.36151340474494,15.42,28.449182934295152,19.625639948415593,consider
96352698,pl_refinance,0.21482620284377374,6.745648218949233,11.99,68.03555847359053,53.41973778835354,consider
118437527,pl_refinance,0.4225795073621383,13.397756942179349,18.59,18.813074601057167,10.863054804175272,consider
127511072,pl_refinance,0.7375767591041994,20.956310228191334,26.85,124.18899766108802,32.59007924982372,hold
97868065,pl_refinance,0.4445962090815758,13.360302357244466,18.490000000000002,29.369406983930958,16.311879975901295,consider
132541641,other,0.28024333335900375,8.021529685963342,13.08,16.170414464062844,11.638763612857225,consider
125096325,cc_to_pl,0.1465719183381233,5.389189586019724,36.0,169.75298322181146,144.8719628273713,consider
126079980,other,0.5487975789204629,14.246336034889968,19.08,11.99542763513952,5.412365990859338,hold
107685603,cc_to_pl,0.3886008841657665,10.345768593696835,36.0,150.05818869941243,91.74544389450733,consider
123063690,pl_refinance,0.7430548553327917,19.37512947557367,25.0,81.49055367378207,20.93860210272084,hold
111415896,pl_refinance,0.6267649495532331,14.928287039195702,20.05,35.15145320854424,13.119754411568174,hold
117518217,cc_to_pl,0.3738628082709074,12.054583459661377,36.0,180.24369973322126,112.85728397782096,consider
120094109,pl_refinance,0.48119804830031787,15.732106539708775,21.02,40.418061518975264,20.968969199962185,hold
97483203,other,0.2619931091031766,11.370488232523442,16.39,14.433165020506152,10.651775242584531,consider
113960433,other,0.35267636544145364,13.383097877522092,18.59,12.851423652115074,8.319030267738796,consider
111705812,pl_refinance,0.6831044367708851,15.755479706593423,21.02,58.78148089042497,18.62759049421268,hold
128006046,pl_refinance,0.6194295037600868,19.366202416631136,25.0,112.22081092522023,42.70792970225654,hold
108639187,cc_to_pl,0.18525073983941465,7.203559313667206,36.0,124.0499423693135,101.06959876836143,consider
112750919,other,0.4299672942690096,12.052350559566884,16.990000000000002,12.042159321591498,6.86442466093047,consider
140946099,other,0.22267832553092112,11.005023447888897,16.060000000000002,43.27272981100339,33.63683079553718,consider
128110788,pl_refinance,0.4408834010808236,12.55916432422735,17.619999999999997,12.400221453373092,6.93316964485457,consider
121886822,cc_to_pl,0.8390363126657466,17.516829569451918,36.0,251.7615703860787,40.524470698405395,hold
102574464,cc_to_pl,0.6492268180700921,16.883471585740523,36.0,676.4214603787166,237.27050798271756,hold
96933311,pl_refinance,0.66362732393071,14.878266702357047,19.990000000000002,16.64378491396417,5.598514471431805,hold
98138792,pl_refinance,0.26015909343664884,8.306347867589647,13.24,26.39879214572443,19.530906313270233,consider
123598712,pl_refinance,0.6920598019491215,15.691892934387827,21.02,67.86400391046391,20.898054804713848,hold
103821373,pl_refinance,0.30188335709797876,7.921496840582316,12.99,11.944862725786408,8.338907466051493,consider
124064295,pl_refinance,0.30168080092817146,9.994382926789209,14.93,13.731620847427166,9.58905447213336,consider
96970641,pl_refinance,0.716754843624318,17.09473929853178,21.99,47.84345230906729,13.55142613083425,hold
103287335,other,0.2961535548914953,11.518668786823143,16.439999999999998,34.014248960743544,23.940808214054993,consider
112987633,pl_refinance,0.4009537315810507,10.349208576606083,15.42,17.110145849618817,10.249769023318125,consider
96954454,cc_to_pl,0.19274341073820486,5.3981998803392255,36.0,339.4179329897455,273.9973629195905,consider
126069826,pl_refinance,0.7321626781185149,20.993363972250723,30.82,189.20746825810875,50.67682157822795,hold
126201139,cc_to_pl,0.1646026876024436,6.210695772647777,36.0,76.43149376875795,63.85066447695097,consider
120113015,pl_refinance,0.3034913183180763,10.292399954602947,15.42,40.468975001260276,28.18699242714652,consider
129619950,pl_refinance,0.6122735180107384,13.682113376401885,18.58,72.092843845929,27.95230472098324,hold
128666530,pl_refinance,0.36502926065872077,11.037944750572493,15.9,11.754967398208976,7.464060339773387,consider
136137111,other,0.6919313242185671,18.50872183286352,24.92,110.57063909779254,34.06335036716368,hold
96231237,pl_refinance,0.5107977201090225,12.67111098114238,17.740000000000002,15.023980131290358,7.349765333263991,hold
126654495,cc_to_pl,0.5579374785533971,13.396450608411326,36.0,116.63798504135752,51.561281763833655,hold
126372498,cc_to_pl,0.4442413266791037,12.54656772881586,36.0,61.63914174911949,34.25648764312932,consider
109702697,pl_refinance,0.6616742302138613,21.053293402817015,29.85,66.66919623607646,22.55590713759371,hold
113002014,cc_to_pl,0.416076953652604,11.044651850637392,36.0,85.98035271935007,50.2059094859065,consider
109975819,pl_refinance,0.6394032966745504,14.954346174684943,20.05,77.9020676233697,28.091228767223356,hold
109441869,pl_refinance,0.5411985066120494,13.004750050830065,17.619999999999997,52.66239302753661,24.161584566416995,hold
121713994,pl_refinance,0.45416147791800593,12.550877601769697,17.619999999999997,28.69371915031246,15.662137254042365,hold
125056927,pl_refinance,0.5733424369961068,14.941273030743568,20.05,47.814737264207,20.400519276818,hold
96984016,pl_refinance,0.5624301692545167,14.029076126630683,18.990000000000002,74.02598270257624,32.39153672193436,hold
131791331,other,0.3384598418517086,12.051615606173089,16.98,14.367745565474195,9.504840673618212,consider
102517137,cc_to_pl,0.2265587006224522,8.305230121874816,36.0,155.70536283771213,120.42895815325261,consider
110222107,pl_refinance,0.5722766878314276,15.745018686650491,21.02,47.04117739209369,20.120608202455678,hold
115023525,pl_refinance,0.8519272227787887,26.156755864726073,35.989999999999995,297.6706889582574,44.07692561140052,hold
102348915,pl_refinance,0.3974295417886617,11.42373786960246,16.39,40.61559871213461,24.473759926498794,consider
100140437,pl_refinance,0.5235890357445874,20.557193593433446,27.74,167.75900211144995,79.92222795844167,hold
96391860,other,0.25466023591949133,7.934503758345729,12.99,53.757651721046045,40.06771545128661,consider
142346390,pl_refinance,0.6842101248085659,15.740862335757981,21.14,169.2287789777863,53.440734992193924,hold
117635395,pl_refinance,0.4166029652674584,10.013153944650334,14.93,20.10991896288573,11.732067091659244,consider
102647358,pl_refinance,0.3201992647254711,8.318985192540147,13.24,31.598626649066887,21.480769629700994,consider
124879231,cc_to_pl,0.32914064255102454,10.348771805743057,36.0,131.28642890439482,88.0747293365729,consider
96869735,cc_to_pl,0.2937626859132936,8.318366563946144,36.0,138.6164276908736,97.89609358069673,consider
102456752,pl_refinance,0.3026126029458862,11.388229990271913,16.39,28.766422046071796,20.061340193270084,consider
128273801,pl_refinance,0.7427714694502436,14.929119529926977,20.05,12.792182474959901,3.290514300558281,hold
123042467,other,0.39192665315570036,12.039041249610193,16.990000000000002,12.073955578797438,7.341850578448761,consider
113326326,cc_to_pl,0.46037856941366645,13.390010480612952,36.0,510.4072646963293,275.4266983570907,hold
124824412,pl_refinance,0.1599117867846576,6.7430298466927665,11.719999999999999,89.92521463111893,75.54511288246287,consider
113317498,pl_refinance,0.3798587048730792,11.043377552764671,15.91,13.850988764740038,8.589570111354314,consider
120022114,other,0.3530930909331777,12.039552597483256,16.990000000000002,17.320413466019204,11.20469513906185,consider
122981430,pl_refinance,0.3712024648992549,9.46454286938474,14.44,27.368250165082827,17.20908824382464,consider
100434188,cc_to_pl,0.4913580200043343,13.364180598843937,36.0,145.7777055848511,74.14866080790387,hold
125269431,other,0.6469510594648029,19.369318437479624,25.0,68.57177430205593,24.209192267959498,hold
103428270,pl_refinance,0.6100007551478761,15.823619541211356,20.990000000000002,123.5569846497167,48.187130709594975,hold
108194312,pl_refinance,0.2990480577351522,7.939462541740304,12.969999999999999,58.82026091990883,41.23017613633522,consider
120051336,cc_to_pl,0.3779335858929023,9.389343023776838,36.0,159.26061755501888,99.0706812709325,consider
96706104,other,0.6076901560678892,17.125583610965,21.99,12.35010127159697,4.84506630240597,hold
105739277,other,0.4824099764124735,14.218861766116493,18.990000000000002,46.59016617013947,24.114605206949268,hold
139916811,pl_refinance,0.6121781653205088,15.509360545648573,21.14,30.52428663333626,11.837984844423136,hold
129269642,other,0.2927419362983812,9.472419238130135,14.43,16.360103092951363,11.570814835479645,consider
107559246,cc_to_pl,0.5013519044586523,17.87167684709149,36.0,48.57869632721494,24.22367440744719,hold
102475559,cc_to_pl,0.2291805014514148,6.763282796204329,36.0,133.68414457511238,103.0463452852847,consider
121309124,other,0.42937975789607974,13.40024109988782,18.59,37.60760398133908,21.459660088780062,consider
110967665,other,0.6827350738176121,21.48796021378173,31.3,45.790660888386356,14.527770646596654,hold
120252891,pl_refinance,0.2833603418777538,10.355096533847833,15.42,59.81701725462267,42.86724679524529,consider
116568454,pl_refinance,0.49109823071524217,14.96335068870687,20.05,19.044915340895102,9.691991112859943,hold
126821173,pl_refinance,0.4571822479684417,13.393835120053266,18.59,109.82038635117442,59.61245524638172,hold
117189907,other,0.45132653568587067,14.939847985074364,20.05,12.765927705928135,7.004325779595316,hold
118164481,pl_refinance,0.439564848487845,13.402456999162123,18.59,78.31650227450746,43.891320818115624,consider
125133750,pl_refinance,0.2090430743989234,7.300304616165345,12.35,31.73906710538978,25.104234939125362,consider
114226216,other,0.6628045600407907,16.93531739219484,22.09,46.02582017171244,15.519696682284026,hold
137873048,pl_refinance,0.28455069495273794,9.926536712062319,15.08,24.14701361174474,17.275964107489553,consider
96722610,pl_refinance,0.5019625962361988,13.365194534472822,18.490000000000002,44.0129699402853,21.92010528099392,hold
116797747,pl_refinance,0.1612580891424116,7.003619198565221,12.07,67.48356529475461,56.601294506805324,consider
100162784,cc_to_pl,0.5684793986493805,14.887155397878955,36.0,279.3450681873396,120.54315180853061,hold
96385947,other,0.3985073955738696,15.736832767497335,20.990000000000002,28.42686777339327,17.098550732695553,consider
125696685,pl_refinance,0.5797308493141803,14.085088060696608,19.08,119.59497588586646,50.26207894184419,hold
129929960,cc_to_pl,0.18748159325564456,6.210480176052817,36.0,180.1605790089949,146.38378661452907,consider
96188713,pl_refinance,0.5774380161454833,18.223354976791075,23.99,46.91570473152842,19.824793265287386,hold
97466325,pl_refinance,0.6074292704967018,15.64985489535823,20.990000000000002,50.97777574153281,20.01238261130907,hold
117279382,pl_refinance,0.6946091713092296,20.607227396822896,26.45,193.51463586076534,59.0975950093118,hold
104161227,pl_refinance,0.18552958555799703,6.7523991363496005,11.99,54.36034294843114,44.27489105041813,consider
96727186,pl_refinance,0.4629386809667767,12.665158574713974,17.740000000000002,105.28521012823057,56.544613826157594,hold
112007694,cc_to_pl,0.7239914161837662,18.53556255879281,36.0,197.69194899102519,54.564674872884,hold
128781299,pl_refinance,0.3436336843626205,11.035576974245767,15.91,27.744627639228042,18.21063902229112,consider
125310999,pl_refinance,0.3097597942636542,10.36427880217995,15.42,12.164365454001938,8.396334113622396,consider
124031248,pl_refinance,0.5797579351108365,13.395146583055354,18.59,12.82231207517313,5.388474903124012,hold
137702217,cc_to_pl,0.5712274057472279,15.543765659941052,36.0,57.90426016225203,24.827759848056246,hold
105864020,other,0.24402762667792174,8.288577356504504,13.24,11.700023278334811,8.84489436564633,consider
102321204,pl_refinance,0.6151716708804148,14.738635263839218,19.990000000000002,52.6033545537918,20.243261039020823,hold
121217788,cc_to_pl,0.4062258143559321,10.105095935245743,36.0,519.210630418247,308.2938692543377,consider
130395575,cc_to_pl,0.28786430255243584,10.363452061651953,36.0,187.42826982185085,133.47436165097398,consider
109041812,cc_to_pl,0.5189759136566755,12.989477422315412,36.0,271.76653035376575,130.72624696211554,hold
123906621,cc_to_pl,0.4897836778640831,17.16158275087054,36.0,62.12148860215089,31.695397440197706,hold
125882932,pl_refinance,0.6360456945409363,20.9057377335202,30.82,190.83439526753455,69.45499978729598,hold
117866877,pl_refinance,0.48036433166218895,14.259010910445577,19.08,44.21391975343079,22.975129740908354,hold
97260955,pl_refinance,0.7304522872871468,14.73822384440898,19.990000000000002,80.93307322369492,21.815324770268827,hold
141234964,pl_refinance,0.7014760773544652,21.318793487685454,27.35,205.1575596810278,61.24443947636584,hold
107710405,cc_to_pl,0.6100545876981377,16.92387262729342,36.0,208.02884949782555,81.11989548811164,hold
135794484,pl_refinance,0.4411336186507978,11.043600137998299,16.05,34.28455532981184,19.160485373338446,consider
108301440,other,0.37331063439121465,12.545907442809721,17.619999999999997,12.432028366584404,7.791019970285204,consider
96004393,pl_refinance,0.4747890642956313,14.026662239582617,18.990000000000002,66.65436001433534,35.007598791904925,hold
125728419,pl_refinance,0.5284194434680659,14.952062038856798,20.05,38.17264655980989,18.001477908971967,hold
128469091,other,0.37041099076279604,10.00592811682487,14.93,109.59625235837552,69.00059593842022,consider
96802619,pl_refinance,0.7187703060381658,14.73385808794265,19.990000000000002,60.749553010998966,17.08457820160146,hold
97420074,other,0.6692777212745274,15.647469275014249,20.990000000000002,108.79866513879165,35.98214245699081,hold
126735821,pl_refinance,0.504724279646884,12.058224389058426,16.990000000000002,120.18113564084047,59.5227985273728,hold
118610671,pl_refinance,0.37130672217642896,11.04107123433119,15.91,22.17068427065152,13.938560165707392,consider
108549173,pl_refinance,0.5631315113817091,18.564807189708937,25.0,35.571575169693176,15.54010028215578,hold
120553869,other,0.5662485742324522,15.70530159138278,21.02,13.368118828140155,5.798440601535792,hold
137284651,pl_refinance,0.15964358034880036,6.57964844146179,11.67,25.709414475105802,21.60507149962864,consider
127561441,pl_refinance,0.16069149736016727,5.385044139157136,10.309999999999999,44.26892400934423,37.15528432375925,consider
131001550,cc_to_pl,0.33286182373038314,10.353565281565174,36.0,66.85177736500165,44.599372831669655,consider
100153001,pl_refinance,0.5593666794253138,14.016957821153735,18.990000000000002,44.520532504400364,19.61723007116718,hold
96404072,pl_refinance,0.572135232311788,15.696889275599096,20.990000000000002,72.1004156686779,30.84922760030239,hold
131774584,pl_refinance,0.633650560113814,18.07741779351992,23.45,32.453780112332026,11.889424166342279,hold
110017497,pl_refinance,0.5949493128952782,15.72381817237054,21.02,44.34358671750249,17.9614002686122,hold
109847890,pl_refinance,0.5410951562687137,13.697887869877231,18.59,79.23760990015,36.36252298886896,hold
130766556,pl_refinance,0.37445850921858564,11.047276167262725,15.9,33.14017899316951,20.73055697215017,consider
138579374,cc_to_pl,0.4402618162705318,15.496300685868992,36.0,62.17432695348364,34.80134484354505,consider
125018081,pl_refinance,0.3820309273126532,10.351760092947954,15.42,32.778516055726186,20.25610917102442,consider
112979529,pl_refinance,0.28476923779628005,7.925369615476548,12.969999999999999,11.88777770281203,8.502504307290636,consider
128450382,pl_refinance,0.45748713801023316,12.553498103511455,17.619999999999997,29.952851450750472,16.249807165300975,hold
98185743,cc_to_pl,0.5349583854526604,12.665717670852846,36.0,448.2008785246662,208.4320601906468,hold
108771521,pl_refinance,0.6416354728489331,13.403553262347499,18.59,60.13457140500611,21.550097246987086,hold
103238138,pl_refinance,0.21607057551246014,11.334205436139491,16.39,12.263343790133035,9.613596039691837,consider
138399559,other,0.6521420699962518,18.769195594544236,25.89,40.006537610612156,13.916591359844643,hold
121324149,other,0.17637282646198515,7.220181335490691,12.21,26.05717686791951,21.461398934104686,consider
114209722,pl_refinance,0.5212724331776425,14.949304591591053,20.05,25.780282104689377,12.341731723971911,hold
109770277,pl_refinance,0.6026264580588753,15.691021371591793,21.02,33.93743591715469,13.4858391147997,hold
125318813,pl_refinance,0.6393388698752895,19.07021047164031,26.45,157.17341766811978,56.686342441747215,hold
102414430,pl_refinance,0.321502958601614,8.338379079234896,13.24,65.57672304030427,44.49361256744782,consider
120053275,pl_refinance,0.6037785519791622,17.872664537008408,23.06,53.207950837816384,21.08213132718116,hold
101135135,pl_refinance,0.5119199954477989,12.676506743736173,17.740000000000002,18.08509115151128,8.826971371556597,hold
118335648,pl_refinance,0.33083338284099345,10.342831325422406,15.42,14.276443657731164,9.553319507505117,consider
114162639,other,0.5118858958040375,12.548740397924249,17.619999999999997,12.425231624670033,6.064930803903157,hold
128037737,pl_refinance,0.13210869049678264,7.302191628051619,12.35,16.65723992851474,14.456673774267937,consider
130170126,cc_to_pl,0.5702555460766092,15.846188824274964,36.0,694.4778105108342,298.4479874398905,hold
107350777,other,0.45591152065700546,12.6714849367778,17.740000000000002,12.43082012318905,6.763466017812227,hold
107354496,cc_to_pl,0.3259638415915294,8.32891025901272,36.0,567.2329179239589,382.3354969202926,consider
111699688,pl_refinance,0.6083171108272099,14.259281283511609,19.08,53.05378583189406,20.780260116190707,hold
110688117,other,0.15935399366825778,5.394382203849555,10.32,11.346735392138498,9.538587792304265,consider
138928155,pl_refinance,0.6178456110116599,21.360274076697895,32.269999999999996,215.4920509621179,82.3512330672724,hold
110351626,other,0.38870355248676397,12.03623127904399,16.990000000000002,12.080668206642969,7.384869558306943,consider
112998073,cc_to_pl,0.525000636645265,15.723934442625701,36.0,477.79691145886136,226.95322875581783,hold
133916804,pl_refinance,0.44992786134677953,17.48245167009522,22.47,32.82540299255288,18.056339626267388,consider
109340093,pl_refinance,0.20384537100039482,7.2955606435775495,12.35,50.829164140983266,40.46787431902457,consider
118550429,other,0.41343842492755506,10.341589313071678,15.42,12.21779147155118,7.166487009459744,consider
96770860,other,0.13921640072975516,7.512801353420068,12.49,15.044438785305005,12.950006166615712,consider
112432959,pl_refinance,0.4214536850303281,10.010458939132382,14.93,36.75025645374893,21.261725445506848,consider
113839901,other,0.18038480957545472,7.2033551922662715,12.21,31.37107350317001,25.71220838312309,consider
122333181,other,0.13928812356318238,7.0170565396799,12.07,19.98211568139709,17.198844283312848,consider
109908402,pl_refinance,0.6353096766405332,18.236542151400876,24.03,58.96078827889551,21.502428942959465,hold
136835511,pl_refinance,0.48585388181473477,13.321199334988234,18.560000000000002,12.925346006373644,6.64551647537843,hold
126572294,cc_to_pl,0.2613368469306418,9.38265229626169,36.0,69.1283555629933,51.06256908666034,consider
129581124,cc_to_pl,0.34175376777294325,10.014965852269382,36.0,78.49050629353667,51.6660800333146,consider
102514701,cc_to_pl,0.7222090494347969,23.64945671936811,36.0,77.41360342254097,21.504798481425315,hold
145327064,pl_refinance,0.7242352480142824,23.46079287471494,31.31,102.09053465182126,28.152970968348797,hold
104902698,pl_refinance,0.42681472264004844,13.361332719335808,18.490000000000002,18.546074160355005,10.630336661541314,consider
100091984,cc_to_pl,0.44915594840009265,12.666586681441007,36.0,296.5670595405753,163.36220064840145,consider
107620814,pl_refinance,0.8264971315668715,23.434164901434354,30.49,251.83333557445326,43.69380608925025,hold
121256313,cc_to_pl,0.25889415548492056,10.372235209608483,36.0,187.3943099935184,138.87901836506703,consider
110365297,other,0.5728892293446608,17.87293385472927,23.06,17.2748512908816,7.378275047804821,hold
125768018,other,0.16943487917043895,6.188237122971625,11.08,19.9066970018863,16.533808200689155,consider
122975312,other,0.6198057996343082,13.689868035513664,18.59,144.29685804605833,54.860828560102895,hold
96527332,other,0.3323848515665545,8.265204978462672,12.99,46.19544974221259,30.84078203659703,consider
114786747,cc_to_pl,0.15671982041086338,7.004887801023389,36.0,99.64406928411253,84.02786864089879,consider
128254190,cc_to_pl,0.30271113107087244,10.358851365567896,36.0,78.12020486011568,54.47234928742179,consider
118269195,pl_refinance,0.21422819522352596,7.203858513514931,12.21,58.553353794042664,46.00957448646031,consider
128233757,other,0.5533272548257036,14.258181592001408,19.08,22.8477838036643,10.205482312731561,hold
109891148,other,0.5632623434395823,18.25137190274502,24.03,52.540222728739536,22.9462937497121,hold
128242175,other,0.8622568880592251,22.732490768884098,28.88,62.53852183385186,8.614250613570855,hold
137551293,pl_refinance,0.7398834097190213,19.33371411778254,24.92,60.55843098735511,15.752252581196771,hold
131414290,other,0.42875168022992544,11.035328856749912,15.9,19.3782571950307,11.069796862733646,consider
120065648,other,0.26632339514410736,9.463952738019838,14.44,27.37142757515869,20.081776053401388,consider
126166954,cc_to_pl,0.34102598855383215,7.923346496026944,36.0,114.47565133279582,75.4364791716853,consider
96959243,cc_to_pl,0.16081251303292454,7.509930533869066,36.0,73.46507517207928,61.6509718135045,consider
135488438,pl_refinance,0.4072626525015428,10.084823412807404,15.07,129.625490742362,76.83386955081346,consider
96729647,pl_refinance,0.41432690402967737,11.395299566176636,16.39,28.726607389562787,16.824401086569186,consider
126209910,pl_refinance,0.2857249104345206,9.414474165901543,14.44,27.63777392282293,19.74097344411482,consider
128749312,other,0.522352550292969,18.245490771395747,24.03,15.699625997689793,7.498886319150731,hold
121373197,pl_refinance,0.8089243035809515,24.885491530778804,34.69,405.79011638808333,77.53662908881978,hold
124108035,pl_refinance,0.22419852922417413,7.9241990580169945,12.969999999999999,48.26857838196315,37.44683410098524,consider
127262697,pl_refinance,0.2148238448611961,7.298019396711214,12.35,29.10766072248498,22.854641131165536,consider
109684525,pl_refinance,0.4859343539073417,14.94245259490748,20.05,12.759553334156323,6.559248028576802,hold
96805201,other,0.4791986477928155,12.667174789138272,17.740000000000002,12.441171527083924,6.47937895434683,hold
125762464,other,0.30733727693638185,10.015000948903953,14.93,30.084633130822965,20.83850390676578,consider
113051199,pl_refinance,0.4795191522862145,12.552284769143972,17.619999999999997,74.89879503864802,38.983388334456585,hold
141197078,pl_refinance,0.2835300333116321,11.52863613180352,16.55,26.08361555607337,18.68812716857208,consider
107590427,other,0.5488209844358863,14.210804482810026,18.990000000000002,11.85429694266233,5.348410024795072,hold
106995693,pl_refinance,0.5985318508207308,21.09348426683351,29.74,53.31691988347046,21.405045145556265,hold
121226197,pl_refinance,0.6103182968320372,14.07803848225886,19.08,78.59165529918232,30.625730091774816,hold
129374922,other,0.4028300254845015,11.03105575682568,15.9,11.771284104885751,7.029457428929318,consider
111104403,other,0.38112345696403777,12.045817316859912,16.990000000000002,17.443056345957416,10.795098411367627,consider
111670600,cc_to_pl,0.26043125312731014,7.9261590014164,36.0,81.7639951822072,60.470095456209634,consider
105031231,pl_refinance,0.34939700200926516,11.498385818268662,16.439999999999998,15.653554080836471,10.18424921420231,consider
117232803,other,0.35522670882900614,11.992530574618732,16.990000000000002,14.567949435187614,9.393024702938538,consider
96853911,pl_refinance,0.343978437583066,11.501709921005784,16.439999999999998,15.358378268654434,10.075427307992967,consider
131415255,other,0.6469236417265162,21.035643399570645,30.81,75.2801540947662,26.579642658046744,hold
119405668,cc_to_pl,0.5054944204614783,17.17653420027489,36.0,165.53352712140656,81.85725276222675,hold
96764127,pl_refinance,0.3328877259725668,8.308159358862854,13.24,15.833751068373346,10.562889681606842,consider
115697838,pl_refinance,0.4664376897845364,14.939293276476887,20.05,25.51087441893253,13.611641090582214,hold
97873220,pl_refinance,0.3980818659522016,11.401233156277012,16.39,12.10413399788041,7.285697750268694,consider
122924510,pl_refinance,0.595695173698159,15.811749246275518,21.02,108.03187933324966,43.677810208890946,hold
118185928,pl_refinance,0.5146773064682959,13.680646013274314,18.59,90.350819874526,43.84930326430278,hold
144378204,other,0.20731348060381552,7.519003242227528,12.559999999999999,26.00499223527754,20.61380678190696,consider
118617808,other,0.534601622365664,15.70065102364639,21.02,13.379571231705512,6.22683074467878,hold
110034904,cc_to_pl,0.46243922226838075,14.210524528094156,36.0,85.17028972433411,45.78420718384039,hold
137788728,pl_refinance,0.5186738819026726,17.546264206802125,22.97,108.06652335686385,52.01524018363344,hold
112978232,pl_refinance,0.38634056176376025,10.00308954454604,14.93,57.57097830082341,35.32897420279404,consider
124124461,pl_refinance,0.5225445249581783,18.238316666666115,24.03,31.436263175323518,15.009415967913817,hold
136616182,pl_refinance,0.6720137132302697,19.364762151660898,24.92,70.27044105634161,23.04774103174069,hold
132347151,other,0.607437584156068,19.21871620777614,26.85,19.890440474224846,7.808239364761631,hold
110759717,pl_refinance,0.43622130014637905,13.406649857180412,18.59,45.07456673876345,25.412080632445324,consider
125282139,other,0.09895283081848408,5.451893672099627,10.32,12.161339310649367,10.9579403593165,consider
116847449,pl_refinance,0.5468352124265123,15.714141002775253,21.02,33.79327816672492,15.313923721835677,hold
97445026,pl_refinance,0.5635148991533087,20.997810802650953,28.99,29.842304321586653,13.025721211305402,hold
123902676,pl_refinance,0.8341293500150313,23.589106718735437,31.3,285.9297281543247,47.42734985898325,hold
108214628,other,0.19152423979445132,9.43463748270689,14.44,13.765053771213275,11.128712311951906,consider
118606293,other,0.356116364384638,10.021573529151835,14.93,49.16477946225211,31.656396944382372,consider
124416982,pl_refinance,0.1546427504055185,5.4259738194950335,10.32,41.562934190831356,35.13552773263763,consider
102494003,other,0.45631414554326294,11.393689875992157,16.39,47.66328298162347,25.91385273407721,hold
129828026,cc_to_pl,0.509839504725522,18.56571262159689,36.0,62.997789940101114,30.87902791823749,hold
127332843,other,0.1458478494594177,7.3111955705197325,12.35,42.22948982283435,36.07040954840559,consider
140404425,pl_refinance,0.4347334067593966,10.45625423100543,15.47,28.235547344829058,15.960611655895285,consider
97553449,cc_to_pl,0.31391021121672513,10.208918464824238,36.0,266.8474222398205,183.08129156187982,consider
124460711,other,0.32503136479928374,11.027097344305293,15.91,22.233016536793002,15.006588828234127,consider
132260185,cc_to_pl,0.5085512601249538,14.22999472722603,36.0,141.81444132645396,69.69452848596947,hold
120434446,pl_refinance,0.41986750600575234,9.999578918300124,14.93,19.75236825671908,11.458990659063248,consider
124429879,pl_refinance,0.31418108585225385,9.39916320620264,14.44,66.52840914574563,45.62644132031225,consider
124748080,pl_refinance,0.11848062725208004,7.30048425952719,12.35,42.31728378726643,37.30350546054683,consider
131523091,pl_refinance,0.6039576814667955,14.752461992547353,20.04,81.60372228877588,32.31852737618654,hold
121785957,pl_refinance,0.31821752147241,10.361718155271618,15.42,14.224466088805599,9.697991745757536,consider
99243799,other,0.11010429657939437,6.756520064686003,11.99,32.59148391779905,29.003021506551143,consider
124065254,pl_refinance,0.2638302306164356,7.920000275223208,12.969999999999999,11.90015410719937,8.760533704725837,consider
109082738,pl_refinance,0.35700935563322705,9.395766809038115,14.44,56.795130742437095,36.51873771297475,consider
111600062,pl_refinance,0.40148371612123523,9.998610393732957,14.93,21.951486377890603,13.13832205251041,consider
126071561,pl_refinance,0.18942753173736745,7.32147493343392,12.35,26.341192055993645,21.351445061806817,consider
100095289,cc_to_pl,0.1735419565633042,7.217612811391876,36.0,248.10430428840573,205.04779789041842,consider
112043077,pl_refinance,0.5842913578836697,15.697868552854137,21.02,47.45283510760362,19.726553647152027,hold
120119727,pl_refinance,0.9508923778053356,13.701426423450796,18.59,107.97529626367998,5.30241005527375,hold
135963638,pl_refinance,0.4818574160432048,11.048933295632347,16.05,28.541098465861978,14.78835850806705,hold
97263518,other,0.6717604836811668,17.07961850696922,21.99,46.38916113246387,15.226755812556357,hold
125258010,pl_refinance,0.5867652578599124,14.771347304179622,20.05,40.7504490473965,16.83950130419367,hold
122982789,cc_to_pl,0.5166160651017447,14.935779810292903,36.0,55.8495315852164,26.996766339886292,hold
133792768,pl_refinance,0.1757052677078732,5.4092542056930215,10.309999999999999,36.71352099393977,30.262761959200958,consider
120210009,pl_refinance,0.4516242790406832,12.066599091143956,16.990000000000002,57.42568915510765,31.490853692017772,hold
109271335,pl_refinance,0.3923828027515919,12.036638224423486,16.990000000000002,28.88400289266741,17.550416882957485,consider
111671553,pl_refinance,0.25174142838548175,7.930350443990214,12.969999999999999,26.78408847724762,20.041423785982182,consider
99902992,other,0.3692613785020907,15.722821909706676,20.990000000000002,18.777539894864617,11.843719628408907,consider
102403771,pl_refinance,0.4410272108709972,11.557555377481286,16.490000000000002,28.44079952656523,15.89763303642299,consider
96701074,pl_refinance,0.30413595136040356,11.403230905115697,16.39,34.41849811310641,23.950595445080534,consider
110665712,cc_to_pl,0.30913440476123627,11.045054299171268,36.0,491.306436582066,339.42671375390495,consider
117859706,pl_refinance,0.16486892958328495,7.002642188846573,12.07,26.36627160403907,22.019292627578988,consider
121423095,pl_refinance,0.5652617017954051,10.373710662932433,15.42,79.69475060522814,34.64636025395649,hold
121706614,cc_to_pl,0.4450668982804326,11.961175035484949,36.0,534.4892670326627,296.6057867902536,consider
97498661,pl_refinance,0.3188992346018153,8.308184064947648,13.24,15.833673435737722,10.784327096145867,consider
130830873,cc_to_pl,0.5616886641167268,14.929353169146594,36.0,139.51342778337215,61.15031690538441,hold
140610768,cc_to_pl,0.5180650943088287,15.518697619142744,36.0,138.02681005374967,66.51993768610706,hold
106600516,pl_refinance,0.5319858927769097,15.689431410492489,20.990000000000002,114.71014488956098,53.68596604991922,hold
111837332,other,0.17774396797367412,7.004111677332406,12.07,14.49776365209695,11.920873613828734,consider
109313931,pl_refinance,0.4202918500669684,17.170121761944518,22.09,64.24552100557298,37.243652123624436,consider
103268080,other,0.6039700235631077,21.140830217798573,29.74,35.46497909908976,14.045194836947395,hold
120257340,pl_refinance,0.3810596856723851,10.303123746987906,15.42,67.31032370265268,41.66107291001336,consider
129646814,pl_refinance,0.29279415983731594,10.365975815987225,15.41,17.01856754669967,12.03563036022913,consider
112874495,other,0.4113742941437165,12.049538177849321,16.990000000000002,12.048878467054266,7.092279592446392,consider
118467197,pl_refinance,0.48535008563041526,15.665006513488589,21.02,13.467334409484494,6.930962500627757,hold
126825853,pl_refinance,0.7032045412677578,14.790445393755265,20.05,71.16257722153182,21.120729751033146,hold
125269430,other,0.5372439766534463,12.566029838301397,17.619999999999997,71.71111324975129,33.18474959720927,hold
120106840,cc_to_pl,0.3558797581745001,10.000039664430576,36.0,314.1685135809413,202.36229894171376,consider
109232425,other,0.4763275503339464,13.68051271597626,18.59,57.82567198908964,30.281711304112275,hold
131062052,cc_to_pl,0.747641202105339,20.925242222579417,36.0,452.07918193456567,114.08615890620872,hold
122421413,pl_refinance,0.509841548504748,12.570475745086101,17.619999999999997,50.7523921220627,24.87671393223008,hold
117838014,pl_refinance,0.7488281807538241,15.662692508213022,21.02,51.17154190349129,12.852849273531831,hold
95588137,pl_refinance,0.43787708009687115,11.540253605675463,16.439999999999998,73.62620017430788,41.3869746233542,consider
134100642,pl_refinance,0.7069212695448832,18.881465568120483,24.42,172.40932061176932,50.52950480352655,hold
131391488,cc_to_pl,0.37026243136181436,7.944886409551515,36.0,571.8976168382094,360.14541473766667,consider
109802486,pl_refinance,0.3563427049109549,12.053412420903179,16.990000000000002,57.57636361195489,37.05944646353421,consider
114167691,other,0.2215244310262772,7.295030768365742,12.35,13.238331832584464,10.305717905634138,consider
115385587,other,0.37260786687193015,11.044173432117354,15.91,16.61784590801787,10.425905792224897,consider
120607494,pl_refinance,0.38081370729663944,11.041682692269887,15.91,27.710581392422682,17.15801216102893,consider
129939097,pl_refinance,0.3881964487636005,10.056287215470297,14.92,37.76586828790255,23.105292334064902,consider
97495962,pl_refinance,0.8102519953696231,23.615795770435028,31.24,123.83508411059609,23.497460113220498,hold
117859589,cc_to_pl,0.6077686535896473,15.724091251118349,36.0,109.21104937276613,42.835996938367565,hold
127094354,other,0.6790834587688394,19.114311348656905,26.45,62.50397177447337,20.058558435074083,hold
130787541,pl_refinance,0.4147930846904764,12.0100893348784,16.98,72.429005354217,42.3859548022783,consider
97789820,other,0.5611837175629171,14.884429648288766,19.990000000000002,111.35255100795348,48.8633124731958,hold
123042782,cc_to_pl,0.5026396073428004,15.663300687402796,36.0,68.44739162960693,34.043021577262415,hold
120036195,pl_refinance,0.31846584335379413,10.359352373052527,15.42,45.53772473129129,31.03551482032768,consider
145054564,cc_to_pl,0.8023398000242838,16.314182982958464,36.0,433.3694859957253,85.65989926528839,hold
102465290,pl_refinance,0.6481104520389727,14.738127271533092,19.990000000000002,121.40177313659376,42.72001507070317,hold
112675422,cc_to_pl,0.47276077209932515,14.267588494718474,36.0,174.5321912917061,92.020217780452,hold
96650513,cc_to_pl,0.6290953622690861,14.735828543702837,36.0,317.9479827213996,117.92838134855559,hold
135597564,other,0.20714561799760664,8.048674865171405,13.08,11.868364561226599,9.409884849570421,consider
111428199,pl_refinance,0.3326432895978783,12.04256476691682,16.990000000000002,12.065538161389497,8.052017856616159,consider
111075986,pl_refinance,0.4677154088946568,13.407926352716828,18.59,37.55308293892085,19.988927396888524,hold
107165125,other,0.2836893668341247,7.924688263839778,12.99,11.937506423873998,8.550962784906886,consider
140924484,pl_refinance,0.35469011226652475,11.09678548545631,16.060000000000002,63.52205137757062,40.991407843060145,consider
126637994,pl_refinance,0.7158971090956757,20.599785115982908,26.45,138.39577437742537,39.31863958956916,hold
118257602,other,0.5593236141378173,15.734124230153327,21.02,40.40296048823234,17.804630606086796,hold
117179193,pl_refinance,0.7516042435267831,23.567582194673747,31.3,167.66042575679967,41.64613828648187,hold
124109233,cc_to_pl,0.4296643070158335,10.025614882451185,36.0,156.9473365732452,89.51266796652102,consider
103327284,pl_refinance,0.5222213547111442,13.372238685376356,18.490000000000002,30.845153084675815,14.737155454523784,hold
96603810,cc_to_pl,0.5873525299923339,14.906880546025844,36.0,209.32916657997123,86.37915098803842,hold
122284297,pl_refinance,0.12002666552355282,5.400166044201808,10.32,36.86237327283044,32.437905525608066,consider
110757881,pl_refinance,0.19021058084450243,7.2010980410156025,12.21,21.969772884477948,17.790889623099595,consider
99255773,pl_refinance,0.32761605120495885,8.31755679698479,13.24,26.3400887532992,17.710652887555167,consider
119392143,pl_refinance,0.2220480767674155,9.429980082571438,14.44,11.957470603959194,9.30233725334715,consider
111861763,pl_refinance,0.46233501872585925,14.252438127318838,19.08,13.872359657270977,7.458681995354746,hold
106570822,pl_refinance,0.5499835830573823,11.56296603627848,16.490000000000002,11.967325511605054,5.385492947118486,hold
104602106,cc_to_pl,0.5337799197216301,12.66410609395787,36.0,177.95839749523674,82.96777836643933,hold
96888265,pl_refinance,0.8600249877123435,24.67705593444432,33.69,156.01280572906217,21.837894398957246,hold
120561991,cc_to_pl,0.3709954509388857,10.027842376740715,36.0,378.58107595248043,238.1292189625614,consider
141260913,pl_refinance,0.44177543446337597,11.504487614097679,16.55,116.47301845499555,65.01810012377909,consider
100136597,other,0.6187597070801782,20.598862828593393,27.74,175.1520304580656,66.77501139733448,hold
104897118,pl_refinance,0.46489859283154406,11.655245871981215,16.490000000000002,52.95200997123857,28.334695048007866,hold
111628508,pl_refinance,0.5392291966538091,19.122619436297622,26.45,99.89646899828392,46.029376271787136,hold
113709135,pl_refinance,0.39160265019618307,12.040282404917704,16.990000000000002,12.070990580941157,7.343958678951435,consider
96191801,cc_to_pl,0.6153767943569658,14.904074808659537,36.0,97.70108374855863,37.57810402616917,hold
125120740,other,0.4922236368280288,12.075885619595157,16.990000000000002,109.49975031655845,55.60138498398095,hold
112712212,pl_refinance,0.13015381002399737,7.220960449425972,12.21,28.13751992080546,24.475314498486505,consider
107461181,cc_to_pl,0.533869847102421,12.669321683756388,36.0,96.3746377184462,44.923124615148105,hold
125737073,pl_refinance,0.4785813684613418,15.712041043160344,21.02,118.32278669128982,61.69570551641289,hold
121772262,pl_refinance,0.30901785294761175,12.045742563611167,16.990000000000002,12.057946428920275,8.33182571249801,consider
123062092,pl_refinance,0.5183019512578804,14.949051356334378,20.05,76.38946451832567,36.796656002932856,hold
96752334,pl_refinance,0.3530580090237354,11.552327312529982,16.490000000000002,34.1640471425398,22.102156678201663,consider
96394837,cc_to_pl,0.5508132016647166,15.7195795930936,36.0,95.1978964623002,42.76163832015443,hold
106266532,other,0.5032655269218492,12.668357545431327,17.740000000000002,15.03197179807583,7.46689859044282,hold
107687291,pl_refinance,0.37628517593808686,10.358797896705232,15.42,13.520571316835259,8.432980760096452,consider
96651640,cc_to_pl,0.6126005637773688,14.903260178259146,36.0,108.52080682249743,42.04089938146058,hold
125054273,pl_refinance,0.41326181964460257,12.03691911421545,16.990000000000002,23.10591875772792,13.557124727348926,consider
115697714,pl_refinance,0.13790700944565845,7.211214485521754,12.21,58.143053746950045,50.12471908466998,consider
110937333,pl_refinance,0.2595647649460271,7.928248951549222,12.969999999999999,22.776146433350902,16.86426133800188,consider
98438044,pl_refinance,0.3277016958474751,11.506300031348927,16.439999999999998,42.62312848949807,28.655457001164724,consider
103187691,pl_refinance,0.18473240093794532,6.744188050460092,11.99,68.05406587921607,55.48227489575938,consider
98946043,cc_to_pl,0.5861907552692815,14.890469594676155,36.0,83.79420123009555,34.67481512383968,hold
127761590,pl_refinance,0.26492732157090426,9.453960686695316,14.44,27.425224711099702,20.15953338490788,consider
135356706,pl_refinance,0.17490609801764018,6.279357393336744,11.190000000000001,45.07605283066175,37.1919763160137,consider
143539570,other,0.8612290525375651,23.388140132997272,30.34,220.6730295547195,30.623005390714326,hold
125191252,other,0.17378306307036293,6.7299493601414335,11.719999999999999,30.911333241162197,25.5394670669243,consider
136467057,cc_to_pl,0.448540204642295,11.519650348280871,36.0,152.28308377528845,83.97799821516081,consider
130838546,pl_refinance,0.572956187289625,20.58049720995917,27.9,19.247794217983937,8.21965142911257,hold
119983462,pl_refinance,0.19513779359390807,7.216555107399596,12.21,13.037850275290737,10.493672939362776,consider
129015432,other,0.5642638402421717,14.257423602689563,19.08,21.229533533552058,9.250475415360013,hold
122348036,pl_refinance,0.5073963231306241,17.14365647899675,22.09,25.834335681325967,12.726088746098885,hold
115700875,pl_refinance,0.38331660929923184,11.054977850175465,15.91,82.90762883311436,51.127757663765735,consider
122674081,other,0.6426124390921538,20.68783361761053,27.91,155.49921539218644,55.573485312097326,hold
118219252,pl_refinance,0.48257765956642434,14.927519262448573,20.05,23.17209642107389,11.989760362944532,hold
117089899,other,0.7973937278131831,17.523630591822055,23.06,56.568477530392045,11.461128355716449,hold
96722930,pl_refinance,0.23388109578169639,7.226429022045345,12.24,88.02023868289939,67.43396880877643,consider
96628935,pl_refinance,0.591963616307047,18.217531835692704,23.99,78.2686389449708,31.936452391675314,hold
121716089,pl_refinance,0.4791323988896274,14.257601535711094,19.08,58.96850565946306,30.714784083907954,hold
127722885,pl_refinance,0.7831178129853243,18.551270873988216,24.03,48.14346041273632,10.441458984768712,hold
96692882,pl_refinance,0.3325930242346007,11.554141834320799,16.490000000000002,31.30591429265189,20.89378558162959,consider
116696858,other,0.47617333265627154,12.553614556668137,17.619999999999997,59.903460791250836,31.37903022863663,hold
96788433,pl_refinance,0.1695779992977358,5.418921418744663,10.32,61.6973407747563,51.234829164182514,consider
136742645,pl_refinance,0.2956656167167497,9.86231514142022,15.08,12.509670420159495,8.810991000459756,consider
137230972,cc_to_pl,0.4458975844079398,8.539745033488684,36.0,355.25938608795354,196.8500839930874,consider
131615581,pl_refinance,0.9057334926383005,20.97779089104972,26.85,179.99774522505254,16.967758775346727,hold
126575023,cc_to_pl,0.38859455748374605,9.99562106505602,36.0,549.8803727408413,336.19985262661675,consider
117273641,pl_refinance,0.4158382111483894,11.982416911429238,16.990000000000002,69.69776761339642,40.714772608005504,consider
126867417,pl_refinance,0.606921762202748,14.949919952682867,20.05,25.45890698988137,10.007342295826712,hold
134734220,other,0.45543889487070943,13.008939585574263,18.060000000000002,12.421217894979634,6.76411214394183,hold
119399397,other,0.6845671884549938,18.559296508485314,25.0,44.501917223589146,14.037364868979862,hold
103851584,other,0.5813634243706757,18.23942980735992,23.99,16.37604616921527,6.855611890627996,hold
102345267,pl_refinance,0.5180886631584795,13.01506541179385,17.740000000000002,40.57766307736108,19.554835859515887,hold
130253562,pl_refinance,0.2530000220005113,10.36451919763266,15.41,25.534629799054358,19.074367898118695,consider
109876171,other,0.5261133628470636,14.929578760874646,20.05,26.836664412578386,12.717536650878657,hold
107136025,other,0.3502630812246942,11.38995807316707,16.39,71.89172499319614,46.7107078825209,consider
129229869,other,0.40745142779274574,13.38811550283799,18.58,25.07668621571605,14.859154612811881,consider
119827768,pl_refinance,0.7143853111330261,20.604469370100777,26.45,77.4412898954655,22.118369918950513,hold
129407704,other,0.3510670026765562,9.443360655039529,14.43,24.680516287221053,16.01600140975643,consider
98965060,cc_to_pl,0.27859820459697066,11.397661450937155,36.0,183.14466846006633,132.12089264558443,consider
129817226,pl_refinance,0.5506313056305295,12.547354593805919,17.61,82.28882344659905,36.97802115339809,hold
130491828,other,0.09666468967423852,6.199972333774002,11.07,11.296244780587898,10.204296784388132,consider
102824478,pl_refinance,0.47011689740077994,11.520840312257162,16.439999999999998,84.99929707183969,45.03969125117922,hold
114206953,pl_refinance,0.6031062662159868,14.966802734302119,20.05,63.4408403854942,25.179272014994407,hold
135788513,pl_refinance,0.4496605652999006,14.227357383685348,19.47,127.01698457806583,69.90245549000399,consider
102324814,cc_to_pl,0.6062960508506272,15.796602182256986,36.0,347.85604503699744,136.95229866654796,hold
109607612,other,0.2508698975496232,9.453280696015792,14.44,41.14375691779969,30.822026835024683,consider
96767825,other,0.47687956192068504,15.689866392090307,20.990000000000002,20.241904777120567,10.58895409456709,hold
127067087,cc_to_pl,0.48954779882475313,14.948834923277673,36.0,418.24336678105396,213.4932472003351,hold
113512897,cc_to_pl,0.15937213210587636,5.380276018418595,36.0,339.593047702037,285.4713796414308,consider
127443121,pl_refinance,0.4811554828077782,15.729044215076744,21.02,47.18066470994495,24.479429202239483,hold
118165126,pl_refinance,0.8410358754852396,24.979842732599664,35.17,121.90641399400579,19.378746373291065,hold
130847824,other,0.1906607792251697,7.2962462749784525,12.34,19.809706371221296,16.032772318262435,consider
107051134,other,0.34770377804759084,11.566433226288416,16.490000000000002,14.195327660043318,9.25955860202279,consider
106366594,cc_to_pl,0.6324873657800242,15.81205952621233,36.0,313.0597469945793,115.053412286217,hold
144748191,pl_refinance,0.2658724031308694,8.816019762880519,13.81,16.24237132049629,11.923973024972028,consider
118631557,other,0.34737294613156033,10.004194627748275,14.93,65.7805890527651,42.930192035236615,consider
111775488,pl_refinance,0.10925780728175945,5.398257336488904,10.32,29.5007619831203,26.277573415703483,consider
106045136,other,0.36632219493802376,11.552594987852851,16.490000000000002,25.622106488573934,16.23616020074375,consider
103214936,pl_refinance,0.5119768696338296,18.215252400546635,23.99,61.07358493238735,29.80532210138785,hold
137929686,pl_refinance,0.5268031884375691,16.062394790810753,21.91,22.736270057426054,10.758730497996376,hold
100140891,cc_to_pl,0.37717367060853463,8.297419425717413,36.0,105.45134019872904,65.67787114538508,consider
117220610,cc_to_pl,0.15185914667409825,5.376139942467411,36.0,407.5601433077612,345.6684077266714,consider
99964657,pl_refinance,0.8268899462944412,26.191329360813114,35.79,291.0380593971479,50.38161409260187,hold
124775850,pl_refinance,0.4312366798811824,13.318851354429713,18.59,28.638356936790615,16.288446974116802,consider
99877093,other,0.3561726026173545,11.551095258942858,16.490000000000002,67.63225737785012,43.54350024669447,consider
121311413,other,0.48677880926234357,10.357633819064063,15.42,14.235707120325571,7.306066559286025,hold
112770173,other,0.37569087919129524,12.047913776362254,16.990000000000002,17.291756291001064,10.795401167273265,consider
101382652,pl_refinance,0.29342884185926316,8.300970543830053,13.24,26.426952192094802,18.672522216498308,consider
126381850,pl_refinance,0.5198570299014277,13.401519400250624,18.59,56.39734242854183,27.078787499306305,hold
113838617,pl_refinance,0.6349116050542597,18.232260894758518,24.03,37.76273154759144,13.786735049477032,hold
113720687,pl_refinance,0.47212474760724,13.413481851807937,18.59,31.261237254801586,16.50203350598834,hold
144022582,pl_refinance,0.3610096630228737,11.84846347183613,16.8,12.056453644347187,7.703957376950512,consider
132625550,pl_refinance,0.5642144441080269,14.917433606147803,20.04,31.953940086295347,13.92506554344502,hold
106266416,other,0.1119090140941985,6.757669958122935,11.99,21.723284616498177,19.292253252178195,consider
96411255,pl_refinance,0.41122350658599643,12.652035494417623,17.740000000000002,12.477527621591406,7.346474959516961,consider
113089754,pl_refinance,0.3856058515048254,13.407179039883749,18.59,12.793236838430943,7.860089853844879,consider
119401650,cc_to_pl,0.6900942701724305,18.547878994681046,36.0,243.90787228521185,75.58844717123819,hold
102325863,pl_refinance,0.636777137273356,15.69058081854177,20.990000000000002,50.59712364898223,18.378032097517305,hold
116613707,cc_to_pl,0.10334439854020187,5.39495051072025,36.0,254.59007884975347,228.27962027672314,consider
110019187,pl_refinance,0.350318455212422,12.04443311758826,16.990000000000002,14.419738480781831,9.368237971627224,consider
119685999,pl_refinance,0.7456611530122247,20.6286214867936,26.45,110.18850342679968,28.02521691288076,hold
122296662,other,0.5527801615070236,17.868431543365524,23.06,41.49414753829012,18.557005960477845,hold
111648228,pl_refinance,0.6323139434911631,15.734845357197804,21.02,60.690409937343986,22.31501749776674,hold
121280925,other,0.3332257072927678,9.417326434965041,14.44,49.72036158356377,33.15225892802857,consider
121214644,cc_to_pl,0.35349624685594316,12.047623945696543,36.0,96.15813249799498,62.16659355527726,consider
115090994,other,0.5497642111391664,12.564421974206152,17.619999999999997,59.77832482388931,26.914341233862952,hold
96565176,other,0.48330790216710506,14.20454443588192,18.990000000000002,11.869525304295223,6.13288992975693,hold
118322781,pl_refinance,0.6155561161031091,17.872999456966987,23.06,103.64400369314444,39.84530332241615,hold
127583119,other,0.2899210498538705,9.458784733859256,14.44,21.919402128370564,15.564506051144207,consider
130073260,cc_to_pl,0.711945100525725,18.884207323769736,36.0,241.58605703354704,69.59004737318486,hold
121353669,pl_refinance,0.6165531578494362,18.557598897457872,25.0,44.51336100398123,17.068507710484653,hold
122213859,cc_to_pl,0.154341765382768,6.739460144351574,36.0,499.6562242954119,422.5384005531697,consider
120213261,other,0.3356484537453253,7.927099776862553,12.969999999999999,42.881751353642926,28.48855781790117,consider
105101935,pl_refinance,0.20648936198481355,7.501125227246257,12.49,20.97935748232709,16.647343340950044,consider
114034573,pl_refinance,0.42222538471063964,12.050711364835031,16.990000000000002,28.803612265542085,16.64199599566748,consider
119403511,pl_refinance,0.6057366047266559,17.148190132494488,22.09,96.78872829567558,38.160252642042245,hold
125033899,other,0.264176248399902,10.011881133280792,14.93,24.629922126325198,18.12328170061087,consider
105647354,pl_refinance,0.4335077359096585,13.36022534108394,18.490000000000002,49.46513544533639,28.02161657196401,consider
99616672,pl_refinance,0.23030484932675924,7.201887799769252,12.24,52.64347823398407,40.51942991126984,consider
113556698,pl_refinance,0.506405074083293,18.204676153200744,24.03,47.42274544520808,23.407626524794335,hold
117029235,pl_refinance,0.549765639912963,14.927368339302772,20.05,28.765333491545903,12.951141517256383,hold
120586733,other,0.20586441596678554,7.320689770460756,12.35,11.788960688496985,9.36203318150416,consider
125300756,pl_refinance,0.6459294613968743,19.108960941019035,26.45,46.911231715818246,16.609885080155795,hold
117776762,pl_refinance,0.5009882752928393,13.687960878335302,18.59,36.08901298985086,18.0088406150446,hold
124721365,other,0.797869427772899,23.426314768737395,30.82,197.93066652360017,40.007838885706796,hold
97619688,pl_refinance,0.4024461769772595,11.652045700202846,16.490000000000002,99.34666252674833,59.3649779974085,consider
96526078,cc_to_pl,0.4850933757032555,12.664242242473218,36.0,71.18651381449749,36.65440752367647,hold
142810882,cc_to_pl,0.46995318030156985,14.88690055335347,36.0,111.7900470811444,59.25395892929836,hold
123964033,other,0.4878942418855095,18.575184119023394,25.0,44.39480973848595,22.734837697475914,hold
127093703,other,0.7447222741406028,16.95653140705283,22.09,135.82449439593665,34.672968045397155,hold
117194647,pl_refinance,0.49029340823909706,13.397366086405201,18.59,12.816949085216919,6.532883434998938,hold
98138125,pl_refinance,0.6431389683138284,14.036063046788565,18.990000000000002,55.721268871121254,19.884749496210887,hold
111646977,other,0.20320400461331625,7.923249339331394,12.969999999999999,11.8926650395874,9.476027878018456,consider
127094064,pl_refinance,0.6172390821154481,18.557960680498123,25.0,133.53156890463652,51.110665880502964,hold
107969689,pl_refinance,0.6029683418373991,18.224619182334603,23.99,46.90564557874063,18.623026241314662,hold
119390211,other,0.40892012133422995,12.02689313529004,16.990000000000002,14.614487042965777,8.63832922811868,consider
112033117,pl_refinance,0.5983674847360352,14.79356636032489,20.05,162.3317977771742,65.19772824856776,hold
113551352,other,0.6445447894260988,21.076834523195508,29.85,26.59958445072857,9.454960892111991,hold
117220655,pl_refinance,0.6850885054212035,22.194930828344898,35.89,67.6596436275604,21.306799497423793,hold
119372198,pl_refinance,0.7833939412077436,23.5651546801787,35.65,56.44946928940965,12.227297063693536,hold
99883508,pl_refinance,0.5195506672345098,13.590935423887794,18.490000000000002,143.77143082617954,69.07488801117779,hold
136740921,cc_to_pl,0.3889519617205769,10.436344062583405,36.0,66.65679073637239,40.73050121746237,consider
126215305,other,0.33317625733163747,10.356391089327545,15.42,29.758925240843666,19.843957906887375,consider
129853212,cc_to_pl,0.641131778496165,17.845846286822084,36.0,266.4029369759006,95.60354819593971,hold
110023347,pl_refinance,0.524206723192993,13.402495882405669,18.59,22.554965022565,10.73150071635363,hold
112545702,pl_refinance,0.7107687945544395,20.643109653599915,26.45,109.92248985441688,31.793014246170387,hold
125311596,pl_refinance,0.5277584993996209,14.947054859766913,20.05,38.20937781512737,18.04405391642258,hold
117586050,pl_refinance,0.5428405629424142,14.94883652359137,20.05,31.830256836433932,14.551502296742507,hold
96244943,cc_to_pl,0.36539661135173124,11.531371886585243,36.0,455.165258974733,288.84941574033235,consider
109662411,pl_refinance,0.4593485444630892,15.719244207590709,21.02,47.26622834949114,25.554555154892387,hold
107723599,pl_refinance,0.6366125155684236,15.838526361230839,21.02,107.90598249436789,39.21168353374607,hold
133040774,pl_refinance,0.5239791676616761,15.685232596908994,21.01,40.68501379203815,19.366914128982188,hold
125297642,cc_to_pl,0.13951464489103688,5.436127145329768,36.0,122.05815092197139,105.02925134003596,consider
127335946,other,0.5486712920290484,14.93776269965194,20.05,19.13876924754959,8.637875996650738,hold
96537874,pl_refinance,0.46217383692172875,15.746211601407847,20.990000000000002,83.46096250449546,44.88748923061225,hold
129693410,other,0.7282167525297097,19.502024157788895,25.39,64.67549358916852,17.57771567940816,hold
97052291,other,0.5171757958666957,13.361540779070339,18.490000000000002,108.17764322859671,52.23078449686374,hold
120591117,pl_refinance,0.37432877519780217,13.398532255350238,18.59,25.080432720304373,15.692105058681955,consider
96541883,pl_refinance,0.3914571881337936,13.3579497429912,18.490000000000002,71.13753113084294,43.29023322358296,consider
126821940,pl_refinance,0.3154232233560999,8.362934632974424,12.969999999999999,55.61288708902737,38.071290983267524,consider
137917411,pl_refinance,0.6161930094660016,19.236097365888842,27.35,58.53948407449428,22.467863210044573,hold
126079511,pl_refinance,0.41901173636670647,14.952553408435655,20.05,19.08452096494102,11.08788269769427,consider
129817297,pl_refinance,0.7397407242294295,20.949778459487323,26.85,90.41522369788788,23.531400638246424,hold
113093550,other,0.32899562532718407,12.025604333862516,16.990000000000002,12.106053051353115,8.123214557479132,consider
102075390,pl_refinance,0.5366013268182318,13.012712811283476,17.740000000000002,67.66113847668339,31.354081796062967,hold
135361486,cc_to_pl,0.5000643133697744,10.699938717050435,36.0,93.18853674299615,46.58827510267579,hold
122263790,pl_refinance,0.2998595680876892,7.924425191623023,12.969999999999999,16.089106161725056,11.2646337371532,consider
121345075,other,0.5156996980839438,18.24722675119086,24.03,58.85444596935395,28.503225952060333,hold
114973131,other,0.4113769184468355,11.036788273337313,15.91,22.189789742178903,13.061422417058147,consider
96369472,cc_to_pl,0.4471320196875037,14.205052985040577,36.0,57.63243788618493,31.863129534620455,consider
129796561,other,0.5640152371641992,17.468842690421166,22.47,26.3302248344703,11.479576829869846,hold
113192992,pl_refinance,0.46099174917375374,11.943603050380267,16.990000000000002,63.19870532640073,34.064623612466626,hold
118242942,pl_refinance,0.22372192603130364,7.306025226211468,12.35,13.21017186137118,10.254766769340687,consider
106498115,pl_refinance,0.6205939794832929,11.561933902904046,16.490000000000002,56.83127626641999,21.562128369127993,hold
106095954,pl_refinance,0.20728900978823622,5.433597367165415,10.32,87.88064936549767,69.66395657897647,consider
102225972,pl_refinance,0.6489327206837945,21.08991212777437,30.49,50.4166959134335,17.699652266441557,hold
127474362,cc_to_pl,0.33148091048149125,12.05347957088353,36.0,180.25126734899294,120.50141313270605,consider
125679777,pl_refinance,0.18077360384934427,6.201283717992482,11.08,29.781716724763896,24.397968463608038,consider
131645665,other,0.2095063518887441,6.739053544526146,11.71,16.164173636892002,12.777676586930546,consider
100076446,pl_refinance,0.3546978373319975,8.292411282931704,13.24,25.942303562991015,16.740624593787928,consider
119382800,pl_refinance,0.5678749251374283,14.259917278349276,19.08,41.259291410673086,17.82917438961377,hold
100475699,pl_refinance,0.5433500206398517,11.558343745970452,16.490000000000002,34.123271168577446,15.582391074831634,hold
97373686,pl_refinance,0.4319058005979307,14.211459594362244,18.990000000000002,17.498003582696896,9.940514336446734,consider
97172279,cc_to_pl,0.36635625811284533,11.502623152337417,36.0,106.49927620797587,67.48259988469545,consider
112766101,pl_refinance,0.6411911827390288,15.769758250304251,21.02,50.25136444347379,18.030632641712856,hold
102406294,pl_refinance,0.2767925911309043,7.943199717481385,12.99,53.667202653188156,38.81251857206486,consider
113489502,other,0.3243128007206399,11.039691048219261,15.91,13.861267540135202,9.36588104265586,consider
126655931,cc_to_pl,0.4136073426951623,10.345522042423768,36.0,312.61792199509284,183.31685399981896,consider
106856984,other,0.18931287915039902,6.749230695574003,11.99,40.79391388743193,33.07110059758874,consider
96249348,cc_to_pl,0.5015363908068361,14.208932935186743,36.0,79.39665653663576,39.57634397512147,hold
125386726,other,0.43444407116735195,10.34502507637531,15.42,116.86047231129078,66.091132961834,consider
105842247,pl_refinance,0.6264284797308853,14.887942814030446,19.990000000000002,15.261761588458057,5.701359478585055,hold
105156536,pl_refinance,0.2761949930960837,8.310688347793109,13.24,61.191320579802436,44.29058421472366,consider
97952202,pl_refinance,0.6761051164629484,16.92324231770113,21.99,50.12663126262032,16.235759394911142,hold
119251341,pl_refinance,0.8757249912313877,26.252656262236847,35.89,141.47070430149654,17.58127301757024,hold
96848385,cc_to_pl,0.5373890265487032,14.032992520024484,36.0,376.58627579519987,174.21294363401591,hold
121421177,other,0.2066726134678349,5.431868725620003,10.32,11.26226280650485,8.9346615187229,consider
99875730,pl_refinance,0.4135416074159655,11.559766600594958,16.490000000000002,71.06991371971105,41.67954736114777,consider
109435767,pl_refinance,0.39404061741337026,10.320407626062785,15.42,67.09044812530647,40.654086523471015,consider
102675277,pl_refinance,0.26001279318046944,7.927140913370292,12.99,28.263313985143213,20.9144907713295,consider
96647139,cc_to_pl,0.5665381070484419,12.670225675701477,36.0,370.6582251996804,160.66621593311837,hold
109534603,pl_refinance,0.5275334195829395,15.688910971511216,21.02,67.90118708096793,32.081041666404005,hold
96606035,pl_refinance,0.32996909222503573,11.52676291629534,16.439999999999998,99.04903125243277,66.36591232429834,consider
111670664,pl_refinance,0.3627677437961556,13.397293112501028,18.59,12.81712541377081,8.167485745464806,consider
125785551,pl_refinance,0.595647895356215,17.873054486294123,23.06,34.63389335463103,14.004287669953456,hold
107581336,pl_refinance,0.20049608557536788,7.292059138857933,12.35,42.38633335170539,33.88803943279579,consider
129642690,pl_refinance,0.7915053352401501,17.164975128983702,22.47,133.1064606051234,27.75198688123537,hold
130028090,pl_refinance,0.2743585289777251,9.435252081302483,14.43,11.920783819287237,8.650215106366124,consider
96459773,pl_refinance,0.17730071825687246,6.7458053046837865,11.99,68.03356742213498,55.97116705261309,consider
112146620,other,0.3617153759697098,12.045275204055853,16.990000000000002,17.30079997526201,11.042834607633365,consider
120504540,pl_refinance,0.23120003191128874,10.347508584871344,15.42,71.31522586446431,54.827143368839394,consider
124014028,pl_refinance,0.4875671230511219,14.2401875267181,19.08,14.794973742845599,7.581430959429483,hold
102477175,pl_refinance,0.3656006572857392,11.53389014777019,16.439999999999998,76.51267086798089,48.539588107959645,consider
107166338,pl_refinance,0.4580272788505304,13.363425969833463,18.490000000000002,18.538662105799034,10.04744914795046,hold
115704426,pl_refinance,0.2088061894490035,7.939613562195688,12.969999999999999,26.73592984923721,21.153302216042118,consider
94330666,pl_refinance,0.35626786817628053,11.52344748828117,16.439999999999998,67.96378965275358,43.75047519998591,consider
114515225,pl_refinance,0.312662776438205,7.927369015748717,12.969999999999999,13.400221781470464,9.210471234388198,consider
127480100,cc_to_pl,0.39807547967055196,10.286620761830282,36.0,335.9559462390796,202.22012179178384,consider
139386709,cc_to_pl,0.2102329392943571,7.838514595779485,36.0,98.19951439505908,77.55474184650727,consider
113205243,pl_refinance,0.4603610408917072,13.005975721035314,17.619999999999997,65.81136938631869,35.514378873124386,hold
120110750,pl_refinance,0.6415335091905926,16.938703993650485,22.09,70.27056147439771,25.189641578934083,hold
119957945,pl_refinance,0.5713113438215178,17.18619693038925,22.09,89.65507984274814,38.43411569736222,hold
103852078,cc_to_pl,0.19538799438711654,8.284421699326128,36.0,111.98809009283531,90.1069617743525,consider
106671690,other,0.4964980466179177,14.217212775244507,18.990000000000002,29.128618013616688,14.666316069176514,hold
111674903,pl_refinance,0.6568056518469215,16.910668813653583,22.09,149.84592812207097,51.4262756252472,hold
127549039,pl_refinance,0.3974613322383249,9.343289167434516,14.44,28.020765345499115,16.88359462093955,consider
103637718,pl_refinance,0.7149903605974828,15.785319396434865,20.990000000000002,66.37126277502387,18.916449670199267,hold
100067068,pl_refinance,0.5869593082388805,18.22628148596725,23.99,65.35533560839531,26.99441302997172,hold
127837778,cc_to_pl,0.750385725094432,20.67633258498479,36.0,528.0581807700039,131.81085990085788,hold
106741689,pl_refinance,0.3778720501618278,11.547802606598783,16.490000000000002,12.003400666608258,7.467651047803145,consider
119898400,pl_refinance,0.6232363922693911,14.786597216537324,20.05,101.48599115875095,38.23622816308769,hold
129969569,cc_to_pl,0.150117766184993,8.008363256467876,36.0,387.3383218375669,329.1919582054675,consider
118189925,pl_refinance,0.15305564163157848,5.422954375305306,10.32,11.282353138636296,9.555525339888264,consider
130977813,pl_refinance,0.4492509659263025,14.226442345548085,19.07,44.40724957424777,24.457249808886576,consider
125117740,pl_refinance,0.24498178625037118,7.926857325105053,12.969999999999999,58.96443230710952,44.51922035527473,consider
99250408,cc_to_pl,0.7590217864079901,22.054848899804824,36.0,142.72568778457395,34.39378127601758,hold
119383055,other,0.5277587423883973,14.925419220487493,20.05,38.36807346418118,18.118987264859282,hold
111025695,pl_refinance,0.16715267422335509,5.397665709521954,10.32,24.402344925263378,20.323427713684886,consider
99552328,pl_refinance,0.397931901387695,11.45892755721941,16.39,80.67355564886907,48.57097425780858,consider
123881043,pl_refinance,0.3134187165165401,7.925497237004209,12.969999999999999,11.887483526217409,8.161723696818834,consider
100074734,pl_refinance,0.4548563783789136,13.35995193481022,18.490000000000002,37.101015510857394,20.225381961408903,hold
106896628,pl_refinance,0.14014281652420457,5.3985907562509965,10.32,27.04098152507771,23.25138221257434,consider
120159793,pl_refinance,0.5495655407845057,18.539668019670373,25.0,32.13654642839907,14.47540791152956,hold
130059544,pl_refinance,0.7130512255028988,19.513230919959504,25.39,75.3149203712112,21.611524101865818,hold
111509729,other,0.24095198700316095,7.924817659864831,12.969999999999999,14.479436208483293,10.990587283363729,consider
110886218,other,0.4259077613279852,12.549783906490651,17.619999999999997,19.183872295124388,11.013312192306003,consider
127511007,pl_refinance,0.5516351362688116,19.11885363004448,26.45,48.282045612514196,21.647972801717952,hold
109341599,cc_to_pl,0.0873723559533814,5.4252318445594305,36.0,152.62201581202584,139.2870707201749,consider
131416912,other,0.35657173599112874,7.936704533352325,12.96,66.73123755752113,42.93676433679941,consider
113516625,pl_refinance,0.6715684095179953,14.77532811372934,20.05,40.72067181143689,13.37395500852595,hold
96956794,other,0.36861803373628876,13.354683109574227,18.490000000000002,12.668175082120172,7.998457292321985,consider
128984160,cc_to_pl,0.5030610482684094,14.254576380144494,36.0,102.01422598092819,50.694842520672054,hold
117269989,pl_refinance,0.6587132039790922,14.782234490044553,20.05,58.56255087023379,19.986625353313517,hold
106787400,pl_refinance,0.3904676955863429,11.549361412899186,16.490000000000002,27.347490842627053,16.669179113237853,consider
96392773,pl_refinance,0.12988988458723444,5.410814740778245,10.32,11.309709680367007,9.840692795269007,consider
105160638,pl_refinance,0.8683149859175867,25.065670395252692,35.489999999999995,155.85154827871793,20.523313329848886,hold
115352699,cc_to_pl,0.5247650086390856,14.058916006721805,36.0,215.39814579263725,102.36473595492095,hold
128466491,pl_refinance,0.23244924661983715,7.32748064532732,12.35,13.155210371606927,10.09729163160143,consider
102297025,pl_refinance,0.2853859372891035,8.321840460435729,13.24,31.580681263432325,22.567998940839264,consider
121733889,other,0.39915194917197505,10.355085971147556,15.42,14.242719182097545,8.557710059054232,consider
100453200,cc_to_pl,0.1487079755226856,7.218088383752641,36.0,496.19597976565706,422.4076801522107,consider
122241108,pl_refinance,0.23815625286827252,7.289483340950954,12.35,15.903217997244269,12.1157671904733,consider
101525894,other,0.5599537999879777,15.68448847911342,20.990000000000002,33.7697034065734,14.860229659595669,hold
107045547,pl_refinance,0.8691268523285849,25.084685725981796,35.739999999999995,310.14044099301145,40.58905573295619,hold
132106666,cc_to_pl,0.5586524883094971,14.02472329442313,36.0,179.70795584815113,79.31365914456826,hold
104963485,pl_refinance,0.6034290072049245,17.86320974140665,22.99,13.103489370202624,5.196463788620973,hold
134461192,pl_refinance,0.3310401774064461,8.028646912578175,13.08,34.4495216281054,23.045345876770188,consider
121367001,cc_to_pl,0.2714893224667085,7.2912125667839955,36.0,198.35254621388037,144.5019478327275,consider
119294216,pl_refinance,0.30851018096564453,11.0351483586833,15.91,16.648040829630787,11.511950740557953,consider
131398902,other,0.4149396718213988,9.369412624615894,14.43,12.074537498245121,7.064332871328117,consider
127131876,pl_refinance,0.20260380392011568,9.41580335341495,14.44,11.990583209987733,9.561245440423548,consider
119242387,pl_refinance,0.5092829070425008,12.550911337607065,17.619999999999997,74.91867206465884,36.76387296380559,hold
103427509,other,0.5948431752926774,12.99519325473815,17.740000000000002,81.485214219574,33.014290653798575,hold
98165593,other,0.6308583117025993,15.777818627337831,20.990000000000002,41.53981128949181,15.334076070958432,hold
125913069,cc_to_pl,0.27870531835369655,9.454037829857219,36.0,111.24117281087035,80.23766632857816,consider
138110128,pl_refinance,0.30095618009698194,10.459544393886757,15.47,45.14750628927845,31.56008525555274,consider
112050050,pl_refinance,0.30662248614083026,10.013474030029979,14.93,21.886697820291317,15.175744121220504,consider
113822584,pl_refinance,0.45785109036077537,14.254112171867664,19.08,14.753233170431088,7.9984492770024564,hold
144120818,other,0.5299104848375727,13.553612077625115,18.560000000000002,55.193565925890596,25.945916646187374,hold
121812086,cc_to_pl,0.4457902238055978,14.956444996824256,36.0,83.62075997427252,46.343442670547404,consider
107763472,other,0.6355481212290589,18.232415568902187,23.99,24.98318676995848,9.105169355996686,hold
110617261,pl_refinance,0.6451439750851261,14.783953701727501,20.05,65.04778469790188,23.08259830741602,hold
121161949,pl_refinance,0.5877238228581331,18.55008937104652,25.0,16.654401852449325,6.866213128312235,hold
129957702,pl_refinance,0.12593556001388498,6.18186841530598,11.07,20.88227441927569,18.25245349592058,consider
112998740,pl_refinance,0.46398275690895213,14.941058381662387,20.05,15.938901795162764,8.5435261981421,hold
105011715,pl_refinance,0.6377323275692866,17.86760385801068,22.99,20.445320804224252,7.406678779845563,hold
110957938,other,0.4385836793017964,11.039157233134555,15.91,41.58657186314076,23.347380165855924,consider
106056631,pl_refinance,0.406637946962484,11.683823486662215,16.490000000000002,37.84059046165612,22.453170444480122,consider
124059794,pl_refinance,0.4961400189736897,15.717403979061409,21.02,27.018728436221863,13.613655997229777,hold
109015393,cc_to_pl,0.5710394855295475,14.793486046920506,36.0,320.27215302802233,137.38410753345994,hold
131970813,pl_refinance,0.6667995419264677,19.52911468434625,25.39,107.31124215468571,35.756155042381025,hold
127551661,cc_to_pl,0.2610424163183779,7.9297482560472385,36.0,220.73028829638548,163.11032048484486,consider
116921340,pl_refinance,0.7919149049912658,18.525508810334006,24.03,58.034584060977295,12.076131938120831,hold
136717609,other,0.6149312752019277,17.55559273418443,22.97,16.902204983384905,6.508510519227649,hold
130993447,pl_refinance,0.4343208557117092,14.2275615153216,19.07,23.678846604365503,13.394629684891179,consider
104172760,pl_refinance,0.6011419487498533,14.900585028680977,19.990000000000002,26.641873210778613,10.626325630504647,hold
118277667,cc_to_pl,0.6283548760804085,14.263748862389942,36.0,226.61166890969173,84.21912177356782,hold
100163018,other,0.6171382622735715,21.48391780845887,31.24,163.73692545210315,62.6886038085749,hold
97428753,other,0.6460432260066288,15.825150640333941,20.990000000000002,131.75520514226605,46.63564736899133,hold
120171253,pl_refinance,0.6250863179657246,21.1177405203987,29.85,26.47948044891453,9.927519513457154,hold
121776336,pl_refinance,0.49819347389495566,12.560014203028432,17.619999999999997,14.957563794580835,7.505803126753195,hold
96739528,pl_refinance,0.6295566569081905,15.838836942278249,20.990000000000002,114.98958874215839,42.597127674397456,hold
128227539,other,0.9977139190022951,19.099869704655184,26.45,52.1868264001717,0.11930331216395625,hold
130368415,pl_refinance,0.5107252423662237,11.224508195139911,15.9,59.60825578949459,29.164814904377106,hold
102576304,pl_refinance,0.21605383327707423,7.2060871152175805,12.24,25.248677855987125,19.793604220023127,consider
121327463,other,0.574111701583375,15.698088111734387,21.02,13.385882427353238,5.700890689790472,hold
141409985,pl_refinance,0.28574411466294203,9.91962821675781,15.08,14.392621859874907,10.280014868846447,consider
99360130,pl_refinance,0.5063976835973728,12.662106275364142,17.740000000000002,90.29800015460887,44.571302042839726,hold
110825602,cc_to_pl,0.4334297890969809,15.72968798327498,36.0,245.660092288829,139.18369029853696,consider
126919085,other,0.2825246165662376,7.928232623720333,12.969999999999999,25.72322602243929,18.455781453602967,consider
133441350,pl_refinance,0.3336073269108432,10.695518119952,15.56,11.727382578089646,7.815041824552366,consider
109353821,cc_to_pl,0.38859324466877376,9.56199348189511,36.0,190.02530700806568,116.18275638862157,consider
129126340,other,0.4046128230748058,7.925112066340307,12.96,107.01100820374063,63.71298207434393,consider
134232996,pl_refinance,0.4127852780136731,11.219082054893798,16.05,65.11419550282301,38.236014209553545,consider
125688697,cc_to_pl,0.30837576243786347,9.588092708953216,36.0,256.312287787252,177.27179061866508,consider
118649116,pl_refinance,0.6537159131388063,17.536266314239818,23.06,84.66313153186843,29.317495193322195,hold
117968931,other,0.47171043681446173,14.94634264245067,20.05,22.29185135242244,11.7765524135682,hold
118035609,pl_refinance,0.5305700654153852,13.401388657112136,18.59,28.199366835917374,13.237626929112249,hold
125618620,pl_refinance,0.87728510060198,24.655083444182676,33.72,104.67118986489459,12.844714534141595,hold
113164917,pl_refinance,0.7369794627136281,22.16535447595281,35.89,284.1755222889776,74.74399855608223,hold
123326911,pl_refinance,0.24865146753965514,9.994324441680186,14.93,11.83268203128111,8.890468279272953,consider
136057039,other,0.20698074276726253,8.02231701128154,13.08,13.473580175415805,10.684808542973979,consider
96409888,pl_refinance,0.665066361007167,14.737611652334559,19.990000000000002,40.47110777646594,13.55513540164288,hold
96910769,pl_refinance,0.45348751648951896,17.864542804368956,22.99,13.100149311630048,7.159395134657057,hold
125205300,pl_refinance,0.4891938066190076,17.17075131950364,22.09,48.178092679160955,24.609668125798866,hold
100453107,pl_refinance,0.5094622826442238,14.883619257252864,19.990000000000002,12.75062396568913,6.254661974991,hold
120230292,pl_refinance,0.6243290544007276,22.124528192787814,35.89,243.0291893421347,91.29900536838436,hold
97560356,other,0.7666021430868226,23.446101752868877,30.49,131.69791054975508,30.73801008225617,hold
131114246,other,0.5456753325776745,13.69091146555313,18.58,86.35966490197723,39.23532603529428,hold
134730719,other,0.5031094944193429,12.098769785342572,17.130000000000003,14.122435029232264,7.017303881705201,hold
113026993,other,0.5058945761675276,18.248921073942522,24.03,31.37997231428318,15.505014520200138,hold
116881260,pl_refinance,0.5306577603498255,17.138245729600506,22.09,96.97975416255804,45.516695019378325,hold
112988411,pl_refinance,0.3974667241992763,10.364391230921402,15.42,42.65045105179513,25.698315986616542,consider
115178538,pl_refinance,0.1699848309754655,7.00293591982304,12.07,31.636879624011158,26.259089988532473,consider
96874058,pl_refinance,0.4621011808289973,13.024841262963282,17.740000000000002,80.99078083039024,43.564845372404385,hold
125857147,pl_refinance,0.7679770731128042,20.61646571278339,26.45,121.58928660286392,28.211502155722595,hold
109846754,pl_refinance,0.8621166886514786,23.54452908785267,31.3,294.24896432899914,40.57202156255535,hold
110774403,other,0.1461212756420096,5.40590466637817,10.32,11.320773619367088,9.666567736850759,consider
122189358,other,0.45573857175478816,11.953049813630976,16.990000000000002,56.07617742176643,30.520100414102497,hold
117529079,other,0.8487438705683531,23.583735176572592,31.3,125.49295914412176,18.98157927106366,hold
96766281,pl_refinance,0.5029684740388126,12.674799005518516,17.740000000000002,19.516811046787836,9.700470376481118,hold
121321434,pl_refinance,0.4724374340150415,12.546119245922041,17.619999999999997,59.99024014092572,31.648605022800634,hold
115094228,other,0.24482747424208692,9.448549397100729,14.44,96.09067874723291,72.56504057134009,consider
123962394,pl_refinance,0.2712148589791206,9.450326725789143,14.44,27.033181249479412,19.701380809144847,consider
133964203,cc_to_pl,0.6869040221253883,17.15194345244633,36.0,337.3827826514869,105.63319225232487,hold
112435266,pl_refinance,0.5521374066287565,14.246499315869308,19.08,23.64134109149262,10.588072332010029,hold
125279924,pl_refinance,0.8577126852652557,14.801113311059689,20.05,129.07725940065143,18.366056633438724,hold
102042899,pl_refinance,0.27266415452188975,10.447861719230055,15.49,13.06608333003345,9.503430765937322,consider
111699534,pl_refinance,0.3991321636796237,12.037406959650355,16.990000000000002,16.17293048380401,9.717793746763173,consider
124835730,other,0.5644207323629965,17.166012394000322,22.09,12.50812322597892,5.4482791542852915,hold
109657643,other,0.6795723088730575,21.50500499340785,31.3,26.159423514685102,8.382203678022394,hold
96452965,pl_refinance,0.47695833551137196,14.206203489049654,18.990000000000002,11.865489522789233,6.206145389972057,hold
115390097,pl_refinance,0.5879365280311721,17.86905480697378,23.06,34.57406928350406,14.246711029051488,hold
117207695,other,0.4255855421912516,12.55810030474835,17.619999999999997,12.402774460529145,7.124332967069041,consider
109025777,pl_refinance,0.4791396647679906,12.550318165877867,17.619999999999997,71.9294151712636,37.46517929914674,hold
107479870,pl_refinance,0.3332467636847045,11.561184002967424,16.490000000000002,42.629595012143454,28.423420437157027,consider
131218416,pl_refinance,0.33578217586587134,7.932159790308666,12.96,53.432238192413024,35.490644990781064,consider
125256111,pl_refinance,0.1536917003584677,6.178477914731897,11.08,18.948560117751185,16.03632369390936,consider
113041082,pl_refinance,0.8448534849007909,26.16976334664816,35.84,413.40335977004906,64.13809059862767,hold
119988577,cc_to_pl,0.47069501472646036,12.066776125764306,36.0,264.23211444421236,139.85937544469007,hold
127367788,pl_refinance,0.5350359606035746,9.99068229318126,14.93,96.18764818362115,44.72379743949873,hold
134681253,pl_refinance,0.44147957014405526,12.03404535011924,17.130000000000003,78.36220371668048,43.766891704299496,consider
135922202,pl_refinance,0.45131360530364184,9.511217265523053,14.58,55.92149513688446,30.68336355268706,hold
136571812,pl_refinance,0.7119907673487725,18.741378440096117,25.89,60.23860024895191,17.34927303368468,hold
119405244,pl_refinance,0.58595485411023,14.072698701517101,19.08,74.92670473287728,31.023038392163897,hold
97213008,pl_refinance,0.3876155587181542,11.459432618344167,16.439999999999998,12.089659047982707,7.403519101386902,consider
105812523,other,0.16702603283640372,7.217081722202487,12.24,18.370953545000248,15.302526054956989,consider
135433945,cc_to_pl,0.7516880582217565,18.899395285601226,36.0,321.85054362174435,79.91933344909859,hold
106105529,pl_refinance,0.4217341897262482,11.549294462092702,16.490000000000002,11.999851615790192,6.939103917769705,consider
129797611,cc_to_pl,0.47999126274411535,17.486815381416505,36.0,140.81064408441927,73.22276522252666,hold
96565072,cc_to_pl,0.5105293125061139,12.665902892690937,36.0,290.6424375511631,142.26095372306665,hold
111411465,pl_refinance,0.5855812699171702,11.054625084952102,15.91,110.55109253045885,45.814443375742165,hold
125513890,pl_refinance,0.34040530746832964,10.046255544516752,14.93,34.76846100133599,22.933092343975584,consider
127211080,cc_to_pl,0.6314710327739664,15.810259878052827,36.0,295.6904193360334,108.97048485654118,hold
96669252,pl_refinance,0.767864799210809,22.038097990905346,27.74,117.95927196188768,27.382499281819587,hold
126662541,pl_refinance,0.4776049240602215,13.682578027744464,18.59,126.44221768574835,66.05279190994051,hold
102369256,cc_to_pl,0.2499828012223933,7.921373826911913,36.0,72.51843928368561,54.39007669127383,consider
132453194,pl_refinance,0.425863973652414,12.044999091374361,16.98,23.017933892760084,13.215425099920695,consider
104144787,cc_to_pl,0.3031409270403479,8.293069910166208,36.0,129.80369163333944,90.45488021834947,consider
127243966,other,0.5572177270418159,14.945044517378292,20.05,25.482749798037617,11.283309876799802,hold
111096824,pl_refinance,0.7010845593746652,20.986295903473998,28.88,49.42278390289931,14.773233227265852,hold
96392069,other,0.6806282208732802,18.22446217251725,23.99,19.544717289959323,6.24203113342307,hold
119364074,other,0.16410053140216357,7.01020461507393,12.07,52.65473609254809,44.014065918920274,consider
125962063,pl_refinance,0.4935026215159896,19.10411532142254,26.45,182.54922078525306,92.46070177202948,hold
109668684,other,0.1075152688887814,5.411779917807949,10.32,11.307534775057235,10.091802133247711,consider
113537515,pl_refinance,0.9097957504689769,15.713260154055066,21.02,33.79877101482367,3.0487927744630663,hold
117358819,other,0.6730918772747958,22.213066852215487,35.989999999999995,243.69896934377175,79.66717257823952,hold
108063448,pl_refinance,0.3983031044233098,9.599993666592507,14.44,61.02710288667856,36.71981835295376,consider
119251269,other,0.688103230686124,15.757633335567277,21.02,41.96962425783147,13.090190215334916,hold
132118709,cc_to_pl,0.5402367395212591,12.990129593496594,36.0,271.6955051873291,124.9156113223451,hold
112339884,cc_to_pl,0.553563200863939,14.060311856357893,36.0,215.38599137694598,96.15623256907101,hold
97357895,pl_refinance,0.3561210367687333,11.56033379973682,16.490000000000002,14.212553371598915,9.151164129774154,consider
101537525,pl_refinance,0.9995600985418763,22.088606355708215,27.74,139.21983196644942,0.061243007081773486,hold
118162716,other,0.5135056380826641,15.69404023852532,21.02,13.395850087464623,6.51700554064139,hold
103746143,pl_refinance,0.5968967984869112,15.691170533259601,20.990000000000002,72.5144183453881,29.230794190885398,hold
128026640,pl_refinance,0.6653057277686261,20.648150438133733,27.91,132.93535500717053,44.49270189794427,hold
123032433,pl_refinance,0.623574338295247,15.861593302729844,21.02,123.49545492044626,46.48685833595848,hold
97750258,pl_refinance,0.8064089472790004,14.89521696246921,19.990000000000002,61.11749712867595,11.83180060881305,hold
135763480,cc_to_pl,0.772055639072562,17.10895725322663,36.0,338.08019604127674,77.06347422885177,hold
125223343,pl_refinance,0.31550439782558654,12.045983648515211,16.990000000000002,17.29837180772401,11.840659427164944,consider
120934748,pl_refinance,0.899026843481662,20.628149232984484,27.91,106.63281950498663,10.767052373868705,hold
104215407,cc_to_pl,0.26904081840751415,8.301159314036799,36.0,178.43219091154515,130.42664823845723,consider
134087403,cc_to_pl,0.7054628260591992,23.290689820323433,36.0,341.226614416795,100.50392268371012,hold
139709236,other,0.7477395499006326,18.52721899009077,24.92,16.50051595406032,4.1624275814430485,hold
118314704,pl_refinance,0.843454748687047,23.44145180204083,30.82,79.01589415291534,12.369563007885828,hold
102632209,pl_refinance,0.5895301655634675,14.896173661264514,19.990000000000002,12.719911934155363,5.2211401456600255,hold
110558320,pl_refinance,0.4791080710640957,14.960669491315887,20.05,111.15271181904427,57.89855046587866,hold
134500300,pl_refinance,0.8179396177208704,20.979028244834407,26.85,112.47661976895756,20.477536392600715,hold
110711841,cc_to_pl,0.5678806532320246,13.682414022572345,36.0,423.57109865240307,183.03326645947007,hold
99967377,cc_to_pl,0.2984681278387864,10.443081682653204,36.0,327.4542589920362,229.71959935784608,consider
116808345,other,0.4610013770431575,14.260232371948302,19.08,29.46891019659023,15.883702016000987,hold
122221688,pl_refinance,0.239243654152937,7.201789150748499,12.21,26.151122542311157,19.89463242508739,consider
98113999,other,0.5148138390252276,15.6595750733837,20.990000000000002,118.73489676889153,57.60852873703439,hold
130088692,other,0.1349617996896527,6.740590322133224,11.71,11.586707291028802,10.022944422554334,consider
96300900,cc_to_pl,0.5628165157858074,12.666887714645027,36.0,133.4531624449035,58.343518537065556,hold
108194024,pl_refinance,0.4631605040378418,12.563573071841926,17.619999999999997,44.84089281003662,24.072362294633223,hold
97538084,pl_refinance,0.5665016963622014,16.910015520187535,21.99,83.75623516088115,36.30818586133052,hold
102614130,other,0.32217455132924533,11.407675061841376,16.39,17.194665179253917,11.654981639871188,consider
96673317,pl_refinance,0.4062853770497806,11.558842456149586,16.490000000000002,22.74716896918403,13.505326847724028,consider
109778715,pl_refinance,0.30411482354389896,10.355963015177664,15.42,56.95946727983937,39.63724893887654,consider
97469028,pl_refinance,0.45639189983702544,15.754844213312872,20.990000000000002,53.329046961091194,28.990101902020836,hold
97584009,pl_refinance,0.6334945995459892,21.502843884951563,31.24,75.66224149073935,27.730620116811497,hold
96663055,other,0.5480913467143821,13.35009330682966,18.490000000000002,22.302313585405216,10.078608497534011,hold
110478398,pl_refinance,0.13303709599375974,5.411493010681308,10.32,29.423163983253687,25.508791691973435,consider
108391582,pl_refinance,0.3330508008840209,10.09558816074732,14.93,125.19392496147407,83.4979879872411,consider
119222592,other,0.2503490985757978,10.354557702715825,15.42,12.187256614760827,9.136187907143524,consider
119386220,pl_refinance,0.5431037998281799,14.088307194786424,19.08,78.43513249654234,35.836713997643436,hold
107366257,other,0.3562140035823492,11.488503721122175,16.439999999999998,14.257904164694907,9.179039039495484,consider
96457184,cc_to_pl,0.2757611591487082,9.25200367219785,36.0,223.93110633609257,162.17960488339907,consider
103608394,pl_refinance,0.40963697173446734,11.55610445273714,16.490000000000002,15.931160724130649,9.405168288882686,consider
109323231,pl_refinance,0.8093731956842073,12.992071848975643,17.619999999999997,105.60442949091589,20.131034915445753,hold
98937155,pl_refinance,0.5537748856085118,18.561860238089764,24.99,69.27627877287307,30.91281542004191,hold
135762039,other,0.5344160433622172,21.042333980406305,28.87,20.691104430182634,9.633446267809989,hold
121810772,pl_refinance,0.5069571971594561,13.017784588416232,17.619999999999997,110.20385598770736,54.335218040014894,hold
104875338,pl_refinance,0.313492866068975,9.239007998355389,13.24,48.97812905595612,33.6238350035083,consider
124724367,other,0.351984514102933,10.357536544052932,15.42,28.471072699889703,18.449696009629747,consider
116272849,pl_refinance,0.45517228519234354,10.3553794770839,15.42,12.185321582031662,6.638900911734727,hold
129028665,pl_refinance,0.4717303475616251,13.69356032517741,18.59,46.86355506007055,24.75659394361012,hold
100137582,cc_to_pl,0.5343015419475967,15.726074360028925,36.0,409.3277253473341,190.62329053235112,hold
129298089,pl_refinance,0.3396782291081367,11.047897931236513,15.9,20.986426864285022,13.857794551717259,consider
103481284,pl_refinance,0.1315709281065364,6.761887562516177,11.99,27.13206013867807,23.56226980478984,consider
107135644,other,0.09793753850171115,5.418926276895158,10.32,11.291430753951914,10.185575819747344,consider
98004019,other,0.4861096514926854,17.114220352752767,21.99,63.54221439097523,32.653730698304756,hold
102634494,pl_refinance,0.16425567824475282,6.747787599272324,11.99,81.60977761253253,68.20490823938255,consider
114186581,other,0.3759432182874195,11.041458739629398,15.91,14.964066251340881,9.338427026145629,consider
119974318,pl_refinance,0.4137687332247063,12.051227578185246,16.990000000000002,51.57834592412115,30.23683906927185,consider
104306715,pl_refinance,0.8879455880149151,23.442034803014355,33.69,267.2003718651997,29.940980551550982,hold
124849404,pl_refinance,0.6640204420557565,13.007315669329753,17.619999999999997,105.26643634671689,35.367370750135784,hold
109122491,pl_refinance,0.20787674795099864,7.29769076389362,12.35,13.231519072667169,10.480993917389505,consider
98440569,pl_refinance,0.7092231902792545,15.813075510674338,20.990000000000002,86.66063030193595,25.198901607585903,hold
97337622,cc_to_pl,0.33195841412756444,11.557646048582802,36.0,273.4879891890779,182.70135001493512,consider
136928186,other,0.4790570560457736,13.37161652991379,18.560000000000002,31.31088290407945,16.311183517857206,hold
114427374,cc_to_pl,0.15854913741552218,7.29160327157979,36.0,198.3501447508819,166.90190039438562,consider
114507618,pl_refinance,0.6719543923625081,18.546707456643713,24.03,80.9437066479669,26.553227431763197,hold
108985380,other,0.6646110296458818,14.08456061311591,19.08,78.95885723511708,26.481929828423734,hold
111957160,pl_refinance,0.6679638907712133,15.865642626227721,21.02,82.26759271170715,27.315811399613732,hold
142539230,pl_refinance,0.6942981506246987,15.522277619575691,21.14,71.65959996726713,21.906472235487843,hold
136389592,pl_refinance,0.14167725435477194,7.2232196810038,12.21,20.833156466895105,17.881572059122046,consider
115234238,cc_to_pl,0.43031863005870397,14.263037137211947,36.0,72.58812278710627,41.35210123082571,consider
99807107,pl_refinance,0.4066515842456053,11.402182787069494,16.39,22.95009768776839,13.61740410444597,consider
116272468,pl_refinance,0.7783610725701519,18.544006667973886,25.0,53.526218699370474,11.863493701903954,hold
125074134,pl_refinance,0.7537734192316862,23.299815633933612,29.85,143.74070142160622,35.392781428281204,hold
100087656,pl_refinance,0.38001212024870434,11.560923452678505,16.490000000000002,42.631802425026535,26.431200795468346,consider
124047489,pl_refinance,0.312601664034002,10.005094659386026,14.93,82.21038740449558,56.5112835009703,consider
133353507,cc_to_pl,0.2946427696080901,9.533619739450879,36.0,158.81063739484563,112.01823134960219,consider
98738610,pl_refinance,0.6906821707208601,17.865490941390778,22.99,74.56897861085349,23.065514595471814,hold
118638272,pl_refinance,0.3186552576989603,13.390525551718353,18.59,24.25434858383568,16.52557288553311,consider
137816255,other,0.1452413451758547,6.587973276585993,11.67,65.48095156655154,55.9704100776306,consider
106835658,pl_refinance,0.5932816350957043,16.924689945097118,21.99,141.98519491634102,57.747986316991934,hold
97593822,pl_refinance,0.5445695316788103,18.190157474784918,23.99,94.35856333468018,42.973764689628034,hold
121322049,pl_refinance,0.5724401971714513,18.560757277512717,25.0,88.98413979808515,38.0460412669373,hold
143160484,pl_refinance,0.6057851349278414,13.544022282712888,18.560000000000002,147.45408224052608,58.12859113478797,hold
121398319,pl_refinance,0.4598975319634347,14.25964706218976,19.08,29.472419518269305,15.918126520826293,hold
128317010,pl_refinance,0.607432004559719,16.94183772284391,22.09,45.435993368894515,17.83671683766482,hold
113305444,cc_to_pl,0.5125166880931386,14.257921346724485,36.0,57.50380357127983,28.0321446121691,hold
119995569,other,0.2908907210944131,7.921903607434364,12.969999999999999,11.895766967439329,8.435398736309802,consider
96293788,pl_refinance,0.5606874031947929,12.670074848592849,17.740000000000002,25.244622722264126,11.09028076348559,hold
96315700,pl_refinance,0.1812235684185475,7.493836797179106,12.49,31.51316678741415,25.802238250030104,consider
144016496,other,0.23891521142449534,8.763254611800134,13.81,11.978791092883199,9.116875686317147,consider
125382615,cc_to_pl,0.22255148084722148,7.923615367955796,36.0,147.18395990163543,114.4279516685684,consider
102594966,other,0.5593226205710052,14.723976284144127,19.990000000000002,48.68749496744607,21.455477693216505,hold
98054462,cc_to_pl,0.7055083741177512,19.10902722702793,36.0,186.22390983849743,54.84138198648841,hold
99981960,cc_to_pl,0.25854771011878697,7.928899021282035,36.0,245.33325932366495,181.90290690955283,consider
123009678,cc_to_pl,0.41550993651360174,10.00975851731493,36.0,282.65586040573453,165.20954179335033,consider
132957767,pl_refinance,0.6277094509797712,12.553275000188899,17.61,29.889346237158747,11.127521120487541,hold
134923882,other,0.47621227116740467,15.902031902022193,21.46,21.42359592815012,11.221416654632991,hold
118328781,pl_refinance,0.44100558925871525,11.03943728279525,15.91,11.776098335359364,6.582773149805632,consider
128088006,pl_refinance,0.35170943161008134,10.29740055400145,15.41,117.65494147961908,76.27458888570489,consider
97557970,pl_refinance,0.5143253112958832,17.115301289938408,21.99,15.882098506701709,7.713533248210471,hold
106855454,pl_refinance,0.6062798006907801,14.89340114473816,19.990000000000002,38.112581578555364,15.00569321529772,hold
109787457,cc_to_pl,0.2473705554411339,10.345229072581978,36.0,93.78634403348974,70.58636401713211,consider
113074242,pl_refinance,0.5399120417701104,15.659291488498711,21.02,21.846668241075747,10.051388985162314,hold
126903782,cc_to_pl,0.6058545645873857,14.78073745929907,36.0,640.8801877938411,252.6000006653215,hold
111422028,other,0.6480914420625127,21.038897343613424,28.88,20.72710623451249,7.294046065204394,hold
97553001,pl_refinance,0.28119540399586895,10.443251383346611,15.49,34.116472643873294,24.52307733586533,consider
134062080,pl_refinance,0.6465981477351769,18.88226607774892,24.42,123.13278324696819,43.51535367400154,hold
132267442,pl_refinance,0.3829056999298334,10.359046977743803,15.41,28.401831296081014,17.526608204366063,consider
100127401,other,0.48907421890484043,18.238677056014776,23.99,37.824849489585404,19.32569077027327,hold
100012561,pl_refinance,0.42958065833635206,12.674469857492129,17.740000000000002,15.01423096209399,8.564407740983613,consider
113232606,cc_to_pl,0.6190130300829184,15.81738720690136,36.0,608.5821884204229,231.86188391180332,hold
115178568,other,0.45060426142156806,12.561161629838606,17.619999999999997,29.908484540354323,16.431593953809575,hold
114188849,pl_refinance,0.38444836465335236,12.052010739665171,16.990000000000002,100.78579547474828,62.03886122419407,consider
138885456,pl_refinance,0.47414996173784,18.49487915289628,24.92,122.99090884363409,64.67477412132283,hold
131291019,pl_refinance,0.509931628658632,13.401374072421671,18.58,43.77356648657451,21.45204043587866,hold
121415412,pl_refinance,0.6083820992292679,14.782570721750732,20.05,97.59650721325454,38.22053927741036,hold
115390694,other,0.3172715990214368,11.037242682777162,15.91,18.027928338444724,12.308178687462492,consider
125226854,pl_refinance,0.45472317260522777,12.050124148640075,16.990000000000002,57.613933676898,31.415542969071765,hold
113195157,other,0.5586199947292754,17.16586377342273,22.09,32.15003058816677,14.190380670459007,hold
131660474,cc_to_pl,0.5075453841920403,15.669193651725504,36.0,54.734658055106166,26.954335003907353,hold
108235622,pl_refinance,0.35696801360623925,10.016217303854427,14.93,24.608657643779225,15.82415400716336,consider
97377566,pl_refinance,0.5549118231678941,18.55384735848172,24.99,132.60678754150013,59.021713302408706,hold
120587127,pl_refinance,0.682607980913842,17.531590867364446,23.06,112.97741520306693,35.85812992243661,hold
100026295,pl_refinance,0.3874676792417915,11.55230316823254,16.490000000000002,44.128700294478335,27.030255203420253,consider
98945798,pl_refinance,0.41245319149506443,11.509274942900568,16.439999999999998,42.597953957810205,25.028291896751576,consider
106995597,other,0.5617063121355803,15.730858943309856,20.990000000000002,13.228155408889904,5.797817017806027,hold
115372374,pl_refinance,0.40942684657477346,12.054727280738653,16.990000000000002,46.04907233906192,27.195345863586173,consider
129033779,cc_to_pl,0.43892026163723896,14.947398726657038,36.0,278.84647020324974,156.4551045450188,consider
140224777,pl_refinance,0.4863803783578099,15.516385580236129,21.14,17.93403664481906,9.211273116029139,hold
130162051,pl_refinance,0.1653159108921334,6.735300281524223,11.71,12.83817065464703,10.715816778685399,consider
104192285,cc_to_pl,0.18409064862418437,6.748966351640188,36.0,250.75786144812332,204.59568408652495,consider
114182952,other,0.5942877142656141,20.976681307112838,28.88,20.886836101285894,8.474046016412188,hold
129251197,pl_refinance,0.5068116762974486,12.069157161002856,16.98,102.55388929886635,50.57838075248492,hold
95217470,pl_refinance,0.229223153997439,8.283400495357467,13.24,22.275651454875856,17.169556371041573,consider
109043646,cc_to_pl,0.44192642262344944,14.95411683459621,36.0,250.5383388884095,139.81882705343327,consider
100136929,pl_refinance,0.11432288823956549,5.3856985559354165,10.32,36.96838769289241,32.74205483828094,consider
107570305,other,0.3760227029773171,13.354155605215494,18.490000000000002,18.571486840015638,11.588186160125284,consider
102594009,cc_to_pl,0.3140587696225573,7.934823235835781,36.0,523.2769473585249,358.9372330992589,consider
109341454,pl_refinance,0.6984667875908238,15.766629950321061,21.02,41.90004575283831,12.634255395944795,hold
102321485,pl_refinance,0.7165408731846178,21.041658581910813,30.49,50.66667977264757,14.361932806989268,hold
124818661,pl_refinance,0.5880392148885157,18.55360686271428,25.0,106.89593165889323,44.03693193142122,hold
130611594,other,0.5394703277357965,14.222133317037466,19.07,103.70643399708047,47.75989006036472,hold
131578698,other,0.3319898169897223,10.343266298636621,15.41,24.215505930285474,16.176204548176464,consider
96762615,pl_refinance,0.3583342929268189,11.550055433518343,16.490000000000002,17.089722053118436,10.965888584898376,consider
129763959,pl_refinance,0.39621850218768073,11.060999894923576,15.9,55.080305020023275,33.25646906494906,consider
121389088,cc_to_pl,0.7008833122281142,16.937845644460005,36.0,397.23624704694225,118.81999047961592,hold
111450970,other,0.1572470617744717,7.298431122030657,12.35,46.56752223026024,39.24491618543442,consider
135053839,pl_refinance,0.23829869085808744,7.470830153960933,12.46,26.206661727599055,19.96164854615146,consider
101332564,cc_to_pl,0.10289486755840241,5.393593747991157,36.0,122.20778464340825,109.633230827919,consider
130880747,pl_refinance,0.4372478500444752,11.220806996837318,15.9,78.49276406853642,44.171971735520636,consider
125512357,pl_refinance,0.3128896550177683,9.63220430777068,14.44,64.22697800334868,44.131021013047125,consider
98327462,pl_refinance,0.35148420249107026,10.48310064399553,15.49,39.49430381248828,25.6126799340158,consider
132483701,other,0.19589199009287175,6.198979733890311,11.07,24.774080105340147,19.921036250784844,consider
128918113,other,0.1587185644852269,6.185541071393957,11.08,29.875737943935746,25.13390370453744,consider
114457138,other,0.25509625181834633,11.997597156164831,16.990000000000002,12.172943530305133,9.067671262127904,consider
135619058,pl_refinance,0.4960274991799742,18.584381696350416,25.39,17.600786612135096,8.870312445317353,hold
109335889,other,0.7274723152930255,23.577569835418306,34.69,30.246843192154103,8.243102144852672,hold
117242739,cc_to_pl,0.4800838315715088,12.553610999990987,36.0,416.31396032443195,216.44835911516955,hold
127187351,pl_refinance,0.32772710951211914,10.357692734898428,15.42,12.179874478291538,8.188199421300622,consider
96543373,other,0.5528655862671409,17.869084958225542,22.99,13.08876844482657,5.8524388050626746,hold
121380568,pl_refinance,0.8786586477165591,23.467712981044425,30.82,213.00407815410472,25.8462028851068,hold
113097719,other,0.34972387682487677,7.009673120322911,12.07,105.31943750442178,68.48671551536007,consider
117891161,pl_refinance,0.15056652401806683,7.22103581956143,12.21,20.84208126527915,17.703961535863996,consider
132735705,pl_refinance,0.16245694256122653,7.4491065528652625,12.46,31.58227573381447,26.451515778973352,consider
133107801,other,0.6326968963526821,21.075470003631647,30.81,52.48892053283623,19.27934341880818,hold
119414560,pl_refinance,0.5869430836081855,12.555590290967066,17.619999999999997,23.952055387354676,9.89356213954667,hold
142986554,pl_refinance,0.37235650595718145,12.674697909717375,17.73,29.962176233065293,18.805564980047798,consider
122294220,pl_refinance,0.20872571257699252,7.3060435882719625,12.35,15.852320038776526,12.543533242684356,consider
113043162,pl_refinance,0.15887324355721977,7.297683507591005,12.35,84.6804768451857,71.227014822819,consider
115380467,pl_refinance,0.46220218111877015,15.695316217225049,21.02,135.6426333064494,72.94831233951494,hold
126695605,pl_refinance,0.7344218264146133,18.546404285435177,24.03,72.275574098265,19.1948149638525,hold
126342027,pl_refinance,0.4880790692713768,12.560718778439808,17.619999999999997,14.955524222177615,7.656045879351634,hold
109740665,pl_refinance,0.6055676059648591,15.725798669896518,21.02,67.4411578131103,26.60097733272684,hold
105863026,pl_refinance,0.8171330381105768,14.751671344339782,19.990000000000002,141.28056103796598,25.835546971046053,hold
115358770,other,0.930638813763232,12.01888615914974,16.990000000000002,24.348255585234085,1.6888238901878483,hold
125021315,pl_refinance,0.5389224228511467,13.012534010206481,17.619999999999997,42.71779769331181,19.696218661567084,hold
117856105,pl_refinance,0.8580858309025874,26.164613623926513,35.989999999999995,265.23000062130177,37.63989515787827,hold
107610785,pl_refinance,0.6151601296479321,18.21864551143543,23.99,54.77835015859819,21.080893173135106,hold
103057236,cc_to_pl,0.5264636089948369,17.876367234257458,36.0,50.5605192680286,23.942245821529273,hold
96638529,pl_refinance,0.5312650670428388,20.56158305059391,27.74,31.43660708777236,14.735435915687594,hold
135126155,other,0.34093218662752783,11.039177580783496,16.05,18.300911035299265,12.061541418758832,consider
131267465,other,0.35841665293536834,9.999617745084466,14.92,84.85492320438766,54.44150564438332,consider
110393990,other,0.17031597905323637,5.390515405188532,10.32,24.62178912971615,20.42830500804621,consider
111966869,other,0.4935352952047816,13.399612452365425,18.59,15.672077514101517,7.937354111707205,hold
138504181,other,0.7439656492649391,15.753125430997764,21.14,51.725262960637,13.243444118726986,hold
132486019,pl_refinance,0.7036147821592001,15.772381642361276,21.01,50.11815922972471,14.854281541081852,hold
128982248,pl_refinance,0.827527805938134,23.594519446938016,31.3,208.8714628184057,36.02451946920189,hold
98093123,other,0.31279942827280444,8.332545146346055,13.24,39.39153894750689,27.06988808594083,consider
126527775,pl_refinance,0.49290665445151877,11.982541663224099,16.990000000000002,52.27323940278757,26.507411851416236,hold
102744120,other,0.5011212009465223,12.677159497136259,17.740000000000002,12.417191324886659,6.194673495776717,hold
96760955,pl_refinance,0.31317912928940295,7.923900327688666,12.99,16.161067144072035,11.099758207503978,consider
125656255,other,0.4944423670632662,18.24740212235025,24.03,14.859901782826057,7.512536770997891,hold
112877576,pl_refinance,0.6385816992960316,14.072513289328935,19.08,56.66475299388975,20.47967873686174,hold
115416089,pl_refinance,0.5850816151892384,17.874164836251435,23.06,86.35130274518451,35.82874306133704,hold
103207235,pl_refinance,0.6529451968281965,17.868262201285848,22.99,82.4505504800361,28.614859568255774,hold
123922056,other,0.2966449358124986,11.057543052870876,15.91,11.733209345605331,8.252612212403628,consider
106774083,pl_refinance,0.5045673424760954,14.207879951873647,18.990000000000002,17.0001542900728,8.422431618247176,hold
112015387,other,0.843580637543237,23.62082965321485,31.3,185.28555392138696,28.982248216831536,hold
119320257,cc_to_pl,0.416587463850573,11.0503120383006,36.0,221.04755444513023,128.961914348462,consider
98074156,other,0.7136596472979565,21.524217201705895,31.24,42.28175888084792,12.106973750804753,hold
111062664,pl_refinance,0.41283984992085376,11.03120395178451,15.91,11.795599266425114,6.9259058355476375,consider
116873486,other,0.7243531350021583,22.666790451353652,28.88,129.68873200156736,35.74829240177731,hold
131988734,other,0.4339355683627531,12.03855812246768,16.98,12.050228491816455,6.821205742319041,consider
118322183,pl_refinance,0.9674782068120097,25.047645047332267,35.17,423.96264482418724,13.788025454405608,hold
138126472,pl_refinance,0.654429781132053,18.176107363815973,23.94,14.802775984252122,5.115398536731196,hold
120564973,cc_to_pl,0.7049717988411357,17.5393349496514,36.0,251.48293223101086,74.19455711827172,hold
136684459,pl_refinance,0.8377140008957094,14.896819008647448,20.02,15.972165856857544,2.592058893939565,hold
98072192,pl_refinance,0.510074342012913,13.360040234703087,18.490000000000002,12.655234849722035,6.200124260731182,hold
123898629,pl_refinance,0.28276450284981275,12.04969703625082,16.990000000000002,14.404703390256657,10.331564597411722,consider
107675682,other,0.6484654305124761,17.86922246137189,22.99,17.032332508885418,5.987453675879394,hold
117042628,cc_to_pl,0.2284406344925457,9.463670499113944,36.0,95.71342076466948,73.84858619573639,consider
137413621,cc_to_pl,0.5044324932686884,13.375427597189153,36.0,218.78385635304164,108.42217020593826,hold
123073548,pl_refinance,0.1954049523954567,5.394522757452215,10.32,49.20442556900389,39.58963713304689,consider
107069443,cc_to_pl,0.5237862690267024,14.033752684885146,36.0,717.2826100751117,341.57982790613397,hold
132312568,other,0.29064849024744976,9.46058507289939,14.43,26.236816650300057,18.611125501991193,consider
109944564,pl_refinance,0.6312184316584173,14.073790949435105,19.08,74.91085070705526,27.625741009549998,hold
134248386,cc_to_pl,0.43080720162082115,14.232069545980334,36.0,212.5828099961809,121.0006045090355,consider
96638530,other,0.1734885075007849,5.398248188062728,10.32,29.500815615196018,24.382763144059812,consider
103748340,pl_refinance,0.5230709750247952,12.66621747768973,17.740000000000002,21.053456307346266,10.041004389020731,hold
128245390,cc_to_pl,0.24242326064069225,7.933769596242276,36.0,196.18193296357163,148.6228690957489,consider
96202238,cc_to_pl,0.5117616598057937,14.212023338904858,36.0,85.057043940119,41.528109955149375,hold
119215578,cc_to_pl,0.3406901383823907,10.262141388723466,36.0,227.9555999192999,150.29337503775272,consider
104213740,cc_to_pl,0.30396021424523695,8.317864117407533,36.0,194.54972624047963,135.41434977107124,consider
97483276,pl_refinance,0.4697048088249805,12.670661701129236,17.740000000000002,60.099346276131655,31.870394322994937,hold
113296094,pl_refinance,0.5521392959173597,14.940249365307915,20.05,19.12964929595836,8.567418202541896,hold
96908058,pl_refinance,0.2436201063509737,11.533475604247268,16.490000000000002,28.576788724276582,21.614908416099013,consider
110658739,pl_refinance,0.6370126817526637,14.924870119412354,20.05,15.988375295845117,5.803577471770781,hold
110755114,cc_to_pl,0.31493540496118416,10.002943638272171,36.0,235.60387086506773,161.4038703837551,consider
126302168,cc_to_pl,0.47974484494534175,10.329679741989484,36.0,454.87154176333615,236.6492644900359,hold
126286583,other,0.38861529272246653,15.732564173104105,21.02,13.300973801364961,8.132011974053658,consider
131961679,pl_refinance,0.18241374923107076,5.428796446753955,10.309999999999999,11.245648136019213,9.194287296994545,consider
107743328,other,0.4572840105077898,10.305495450798702,15.42,100.91944894726203,54.770598594421905,hold
129957509,pl_refinance,0.2681562876488223,6.742654720734528,11.71,51.27675198547149,37.52656853035808,consider
125063767,pl_refinance,0.6338037920455045,21.413879799142038,31.3,118.9600253385156,43.56271017713511,hold
118678807,pl_refinance,0.11995574460580516,5.385820201517073,10.32,36.967496360628445,32.53303280847687,consider
120597839,pl_refinance,0.4369173588628197,11.992744751979746,16.990000000000002,78.60225650824327,44.259566194003746,consider
109660698,cc_to_pl,0.5711268931466034,15.732952126067982,36.0,218.33367860057638,93.63744307216015,hold
98828138,other,0.39420867404490934,13.299599650801573,18.490000000000002,37.52829524506899,22.734315737344467,consider
134132648,pl_refinance,0.5056194380285784,7.457998252174902,12.46,70.93634893378191,35.069552050083956,hold
96813479,other,0.2917427375775833,8.316898728675957,13.24,92.2006983498868,65.30181420672587,consider
112801409,other,0.6069768069291734,14.894834587403363,20.05,12.876069425359589,5.060593919756468,hold
133983067,cc_to_pl,0.5244627194585889,13.007728144286927,36.0,108.02678007914773,51.37076122448299,hold
140680801,cc_to_pl,0.2879987186737299,11.496197889973388,36.0,365.7974405781732,260.4482463975295,consider
130657269,pl_refinance,0.7966582942196475,19.560710685318018,25.39,128.10146988846225,26.048371400090375,hold
97263522,other,0.16959313906116347,5.4434024253683475,10.32,17.054765304879623,14.162394120873667,consider
124940716,pl_refinance,0.41430988328471846,9.343705930645994,14.44,42.02822335914004,24.61551504455065,consider
124450538,other,0.18646120494773538,6.196899752849779,11.08,24.840461043030416,20.208678745489685,consider
111957262,pl_refinance,0.7909609341759601,23.304552346932795,29.85,82.08102641955657,17.15814108462244,hold
113511234,other,0.42015727693353816,17.84878202306118,23.06,55.53042023796786,32.198910083808244,consider
110887069,pl_refinance,0.5326514012087992,12.550655050272796,17.619999999999997,29.96931018027351,14.006115119489696,hold
126480587,pl_refinance,0.6035396592980962,19.082912307715386,26.45,143.5732452681359,56.921097734683165,hold
104180221,pl_refinance,0.6167330161952065,13.010658679709326,17.740000000000002,33.84559115763096,12.97189763807541,hold
103567916,pl_refinance,0.1373861894393349,5.393969410668564,10.32,34.446882379799376,29.714356471573772,consider
96225206,pl_refinance,0.41542969390594936,11.506023247980664,16.439999999999998,68.19971810458094,39.867530087922844,consider
136249837,other,0.26285907515599893,8.48830983505394,13.46,11.76911280306578,8.675494696245284,consider
96964822,cc_to_pl,0.18496523689731323,7.205477456781261,36.0,496.389308798068,404.57454270293977,consider
107062329,pl_refinance,0.5462516154134002,18.560131723772823,24.99,44.4195524189945,20.155300154178548,hold
109924255,pl_refinance,0.663447046762547,14.793428729733959,20.05,129.86873334977008,43.70770574207243,hold
136367405,pl_refinance,0.5108934322533308,18.185554022729626,23.94,70.1523558179648,34.31197797346784,hold
99666583,other,0.5511772946032837,13.368292516828914,18.490000000000002,37.041949259973535,16.625267880029217,hold
106935345,other,0.7749346395874276,23.494969509033808,31.24,209.53855504499757,47.15987041153202,hold
111716094,pl_refinance,0.8397356193872325,23.641500135721618,31.3,207.6442617730404,33.27797900085167,hold
141109502,cc_to_pl,0.6696597334128749,15.740281919185291,36.0,349.8741414364854,115.57751715407011,hold
131919076,other,0.18096750219599708,7.317407814550896,12.34,26.3042678831755,21.54405022726284,consider
105051258,pl_refinance,0.36693940185767404,11.505998261921537,16.439999999999998,25.575236769763364,16.190674687098003,consider
111531138,pl_refinance,0.6582643812877493,18.560826895164077,25.0,88.98320118054517,30.408729310430274,hold
111125436,pl_refinance,0.4568199997741818,11.043279424238474,15.91,24.931255602071246,13.542159423562993,hold
96491347,cc_to_pl,0.11674632949732558,5.399096085579988,36.0,237.58642346687407,209.84908058871926,consider
141412125,cc_to_pl,0.15927764212575576,6.033635219788649,36.0,84.28526441500179,70.86050623303444,consider
112940108,pl_refinance,0.6443228665596991,12.57899226513123,17.619999999999997,33.903555691075724,12.058719501635414,hold
97944346,pl_refinance,0.5739577820569312,13.59892136405037,18.490000000000002,43.06367013878241,18.346941538695564,hold
112437730,cc_to_pl,0.7801800735649724,15.794777090877066,36.0,435.13792913219345,95.65198757092901,hold
122993076,pl_refinance,0.999988352888372,17.83093427752346,23.06,20.893914534542603,0.0002433537549306216,hold
96743522,cc_to_pl,0.6063305632995079,17.866016395124344,36.0,151.76255986847104,59.74428145564571,hold
138747128,other,0.7145897025431636,14.70249962862095,20.02,69.69712763840789,19.892277931165093,hold
116264866,pl_refinance,0.6668929270273111,15.804846265862146,21.02,87.36941521867254,29.103370170827514,hold
117795459,pl_refinance,0.7977337163284248,23.375916075128497,30.82,207.2027098490571,41.910122087848464,hold
107391914,other,0.11810541873280596,5.426218537625801,10.32,12.22408099992694,10.78035079480683,consider
136143310,other,0.18582443738522875,7.838768730871047,12.84,18.55245252070759,15.104953468930933,consider
112949316,pl_refinance,0.34003877776090413,9.475655445394652,14.44,38.777862992534665,25.59188585637338,consider
117883988,other,0.1918663510534845,8.233792182190932,12.969999999999999,57.12202214636818,46.16222819234819,consider
105893336,pl_refinance,0.4879800662041617,13.373063085249004,18.490000000000002,33.307074249976324,17.05388595240595,hold
118330821,cc_to_pl,0.14245177658072278,5.380224844626011,36.0,254.6979798581254,218.4158001358143,consider
124797682,other,0.30601878930160203,7.925971069436201,12.969999999999999,26.806855311697063,18.60345390422831,consider
111017420,other,0.40030543669468016,11.035760021252468,15.91,15.258686857524253,9.150551551635631,consider
137226712,pl_refinance,0.27128523535338056,7.219040247305432,12.21,93.82480175622891,68.37151832980608,consider
142576817,pl_refinance,0.5770590320198775,13.371453503745549,18.560000000000002,62.622770174350876,26.485735035136702,hold
106135811,pl_refinance,0.35779935058002593,11.56747703347304,16.490000000000002,20.437164507227465,13.124760318844324,consider
99518177,pl_refinance,0.4116031566359746,10.461239509827289,15.49,15.015434849627923,8.83503446725925,consider
121412262,pl_refinance,0.6538567389365985,15.7958417024705,21.02,56.67770009116833,19.61860393913046,hold
136631227,other,0.624101831657869,16.283471133669288,21.91,83.01404967705821,31.20482922026885,hold
125003034,pl_refinance,0.19856420291865823,6.195763157937626,11.08,37.26876934784684,29.86852586853231,consider
98002329,pl_refinance,0.38339986419364014,12.673294416752244,17.740000000000002,30.034390735605825,18.519209406435827,consider
110760355,cc_to_pl,0.20546496244838067,7.209351464678125,36.0,595.3332211041773,473.013103185734,consider
114357701,other,0.5154174622873542,18.25646178318909,24.03,43.09308720231979,20.882157554372466,hold
99258427,other,0.5018661239899338,13.359261106897689,18.490000000000002,12.65711688293186,6.304938692007294,hold
136424263,other,0.24691628320984293,7.820772891368126,12.84,39.89495142909925,30.044238303388852,consider
111410254,cc_to_pl,0.3968948224194985,12.059999541594394,36.0,300.344282029744,181.13919154883698,consider
98776723,pl_refinance,0.6051356769769415,20.56935494360643,27.74,122.47149117270646,48.35962245153522,hold
113051955,pl_refinance,0.19558088048853317,5.401049269693969,10.32,19.65626282855311,15.811873637430667,consider
126440134,other,0.4199047729903465,13.412258996280219,18.59,39.0858139444598,22.67349411296849,consider
106185609,other,0.5708813295881833,17.868894512282548,22.99,13.089245636316434,5.616839684149782,hold
96295318,cc_to_pl,0.3965340806081571,8.310600190824408,36.0,98.5172294790861,59.45179046353386,consider
101482918,other,0.4184088597682457,12.66297934311847,17.740000000000002,105.32948204975878,61.25869356533931,consider
107366395,other,0.5673713656045383,18.565537695503078,24.99,26.63058494269518,11.521153596910562,hold
105941874,pl_refinance,0.33242693822362374,11.560962614344849,16.490000000000002,56.70001973350418,37.85140577627634,consider
123965690,pl_refinance,0.6188210956974265,14.088093480820769,19.08,74.70322883554184,28.47529491539625,hold
99517841,pl_refinance,0.7659335588748347,22.708462596338812,28.99,153.76673904175072,35.9916333709246,hold
109914876,pl_refinance,0.3247619919530261,7.933852785280448,12.969999999999999,32.11939827706135,21.688238512270313,consider
132523676,other,0.8073647729284608,23.56883273038693,31.77,173.1187747608734,33.34877448640751,hold
99872877,pl_refinance,0.4611682375087116,11.498488133323008,16.439999999999998,14.2297439699567,7.667438023131552,hold
133293446,cc_to_pl,0.6560707493122417,15.808766108951774,36.0,246.28785514033336,84.70559747191001,hold
126052437,other,0.43799642770281816,14.941906044848974,20.05,12.760890940490526,7.171666294250421,consider
96943773,cc_to_pl,0.47389395795010425,13.355461520063015,36.0,142.9109432015851,75.1863106934034,hold
134111100,pl_refinance,0.39452757775084984,8.03712829584785,13.08,11.895008012854248,7.2020993142159115,consider
99539514,other,0.6147230918689528,16.91142557222251,21.99,62.7998180223625,24.19531971884824,hold
122329325,cc_to_pl,0.6249806955747835,13.000171360234527,36.0,217.32270655185852,81.50021024688341,hold
138888893,pl_refinance,0.6279130355155867,13.554302682991208,18.560000000000002,73.58051268262,27.378349609282946,hold
121353435,pl_refinance,0.2552931450685616,7.92493711169512,12.969999999999999,16.087509418246924,11.980478542542562,consider
104112115,other,0.3404333430108081,11.521099400666033,16.439999999999998,84.99491166643065,56.059809748919335,consider
136753038,pl_refinance,0.47016734870170995,13.359474223227059,18.560000000000002,109.83776176460674,58.19563252841154,hold
130749892,pl_refinance,0.2848127157894361,7.935299977205414,12.96,29.369946285823346,21.005012121568136,consider
111705121,cc_to_pl,0.7014245077463053,20.96447557254807,36.0,126.37016531831023,37.73103431609526,hold
98267522,pl_refinance,0.5596699343725877,18.5570134124952,24.99,60.10521679657768,26.466134056586892,hold
129906960,pl_refinance,0.6481319363022885,19.50499377271009,25.39,53.87058041536221,18.955336821025362,hold
118315616,cc_to_pl,0.3315705446595796,10.344869686018065,36.0,453.30399138886514,303.00174006769777,consider
108236527,other,0.3824525947889873,11.0670773294341,15.91,19.367494845658655,11.960346187374165,consider
108281317,pl_refinance,0.4610484335781695,13.681532905338427,18.59,43.3612926856718,23.36963661501828,hold
121247671,pl_refinance,0.3866101797624519,11.998781788524106,16.990000000000002,13.968273320623553,8.56799666116622,consider
108915936,other,0.3150461500870594,10.353257038479088,15.42,18.23691266065498,12.491443537441677,consider
128835801,other,0.5443142791834957,15.668207518046772,21.02,13.459453999344134,6.133280997487713,hold
122329468,cc_to_pl,0.11763697996261185,5.4142941861282115,36.0,189.98710086175373,167.6375920845249,consider
106835397,pl_refinance,0.3802106467780894,11.518487207577513,16.439999999999998,42.51999315234934,26.353439054894665,consider
131375019,pl_refinance,0.3418746429162305,10.059076781363945,14.92,31.453582763166082,20.700400387572575,consider
113127831,cc_to_pl,0.5612587921599814,12.54395292040276,36.0,61.64541501088485,27.046383839674828,hold
105131387,pl_refinance,0.08864103284275865,5.401453993845804,10.32,36.85293479406067,33.5862525906283,consider
112886908,cc_to_pl,0.4193841702777767,12.54936787860894,36.0,83.27921004961493,48.35322764156849,consider
116926596,cc_to_pl,0.8657169843721954,25.044600445495256,36.0,236.6472351922555,31.777704381598408,hold
109214786,other,0.11839122278414062,5.389990009091034,10.32,24.624355692698884,21.70904811196865,consider
96660387,other,0.8314555042542104,26.136383428564898,35.89,417.3852726543387,70.3479903112444,hold
126902064,pl_refinance,0.3268425181688813,10.0032277749506,14.93,21.9313607397101,14.763259568673112,consider
116473643,pl_refinance,0.36238734557590396,10.357884933188918,15.42,14.235016008018135,9.076426342641943,consider
119198234,other,0.5274431516479118,18.569356001501887,25.0,106.64112734418131,50.393995042480014,hold
120583193,pl_refinance,0.5018136325222738,14.259395367784737,19.08,93.57888342070987,46.61972400398506,hold
119123797,other,0.7299592255959054,21.39658990975598,31.3,30.801929342864128,8.317776852887233,hold
100106551,cc_to_pl,0.3474640943089892,11.549397647388558,36.0,91.1906141237622,59.505149977768646,consider
108203255,pl_refinance,0.2533362796242795,9.439529446042531,14.44,11.935163830066614,8.911553828651272,consider
114167045,pl_refinance,0.5949505104666386,15.696912509160253,21.02,93.22669911467278,37.76142688727849,hold
127030962,pl_refinance,0.22455836384286054,7.304290698388914,12.35,31.71456430230546,24.592793632590556,consider
106610228,cc_to_pl,0.7656193601151543,18.533258447909716,36.0,183.72938477618692,43.06261076949172,hold
112718646,other,0.3930617884411645,12.519162154130923,17.619999999999997,18.090779725236388,10.979985492139816,consider
128448923,pl_refinance,0.8140710154317261,22.669504770083915,28.87,189.12329540585029,35.16350227301544,hold
126176239,other,0.46946277526968516,13.400534751330488,18.59,25.070962053488756,13.30107862917696,hold
134829242,other,0.6278972109188091,15.301273640673795,20.490000000000002,81.70129476411125,30.401279653270294,hold
102734730,pl_refinance,0.418501659248007,12.679003933420999,17.740000000000002,17.851139633184687,10.380408077229037,consider
112084208,pl_refinance,0.5122741298360499,15.69786820437687,21.02,33.89474670357009,16.5313448299854,hold
123979304,cc_to_pl,0.34381411701537157,11.049389640361229,36.0,92.10662523204965,60.43906720662676,consider
96484768,cc_to_pl,0.6804392405201795,15.84109013409675,36.0,433.9563046445255,138.67540629326095,hold
145390970,pl_refinance,0.629074109936341,15.50880944846815,21.14,89.78422622941002,33.303294027820826,hold
139582113,other,0.9026445406830114,16.016948121143916,21.91,54.504198788723215,5.306281307780604,hold
134981336,other,0.5587191313485554,13.202815500613843,18.060000000000002,35.11990828551728,15.497743635192132,hold
133378945,cc_to_pl,0.5851787737957754,14.300760224296615,36.0,233.33547883368908,96.7925094467408,hold
111917843,other,0.628780612124067,15.84537489848313,21.02,82.58144177330439,30.65583226499806,hold
96494201,cc_to_pl,0.4435005904065885,11.49960541431136,36.0,152.1562082103349,84.67484003502356,consider
115055840,cc_to_pl,0.27423869519221666,9.411339362744679,36.0,69.0613663061761,50.12206732217865,consider
114783813,cc_to_pl,0.31549719332654885,10.365144005522284,36.0,117.15192290029137,80.1908200324412,consider
96909637,pl_refinance,0.6179289082855436,14.023677022460697,18.990000000000002,55.57771333965729,21.234637610675968,hold
126785643,other,0.18026315158162343,6.7376661490203515,11.719999999999999,102.87941170645331,84.33404471938468,consider
131081838,pl_refinance,0.5841707453097232,18.34126454296499,24.42,103.85588289684915,43.186314380197445,hold
117139918,pl_refinance,0.3072135869901584,10.347534964050412,15.42,12.203792502138782,8.454621632673126,consider
108825395,pl_refinance,0.37504911761381127,9.996050669265333,14.93,98.83019028094714,61.76401462247284,consider
129254530,cc_to_pl,0.47627744404655936,14.87398825456428,36.0,349.6312598423965,183.10977704588146,hold
120938105,pl_refinance,0.16922911271111618,7.210257495542287,12.21,20.88612654118731,17.351585878650088,consider
119940825,pl_refinance,0.2792546100233834,10.348347817890298,15.42,17.185028192335608,12.386029846244076,consider
104340063,other,0.5233365687842984,13.370210526692254,18.490000000000002,49.37085117809829,23.533279324592097,hold
110686701,pl_refinance,0.42846953011430083,14.252384881670705,19.08,11.980707979506718,6.847339661090819,consider
109049031,other,0.6657733127621295,14.24792502712385,19.08,35.45089146672632,11.84863401455323,hold
130470310,pl_refinance,0.33129508492962956,9.401393528335753,14.43,19.07776799080378,12.757397224022672,consider
104001790,other,0.5422425915494167,13.010438384754409,17.740000000000002,135.38399903876348,61.97302854566063,hold
126024837,other,0.65850467816199,20.653001882007924,27.91,106.27857764068017,36.29363707589001,hold
110384406,pl_refinance,0.6142232072843596,12.558199491308127,17.619999999999997,12.402536473374738,4.7846107422372555,hold
96345199,other,0.2786179026463042,11.388881048620613,16.39,12.133480598413229,8.75287568228371,consider
113848511,cc_to_pl,0.7069720830467421,17.857674798506807,36.0,106.38483921917492,31.173727831802086,hold
112756153,pl_refinance,0.4049409751921032,13.405614900037824,18.59,31.30774752803825,18.629957712966284,consider
111611324,cc_to_pl,0.6292420531946864,18.570317671670065,36.0,207.6672482512057,76.99428258032638,hold
118236194,pl_refinance,0.5681593391345123,18.227343266996577,24.03,118.10467263135774,51.0023998804276,hold
119369955,cc_to_pl,0.5275769917469055,15.703305234207066,36.0,129.81077492048485,61.3255967916008,hold
131384990,pl_refinance,0.4118699040400436,12.053034960303869,16.98,34.471822256495614,20.273916131627328,consider
107635928,pl_refinance,0.6205751372896962,23.7216046125367,35.489999999999995,32.134825840719174,12.192751882834397,hold
130376536,other,0.8916707474298254,24.622205830582086,33.72,315.1017142533153,34.13473318864237,hold
111925415,pl_refinance,0.8663939375562176,26.230470462663597,35.989999999999995,119.65197447838807,15.986229173681371,hold
134953758,cc_to_pl,0.6148080529903229,15.387067097803971,36.0,227.7078724513549,87.7112387389686,hold
102320343,pl_refinance,0.47594661052371157,13.363926154522465,18.490000000000002,22.243540760048916,11.656802929257612,hold
115083972,pl_refinance,0.38629001873222973,10.019397128975804,14.93,11.773821110291834,7.225711533047279,consider
105283980,other,0.1811518635200075,7.50683811829883,12.49,22.26548993610635,18.232054941994708,consider
119961848,other,0.8057190960459251,23.322819328071322,29.85,102.32338906305642,19.879480522815108,hold
99460456,other,0.580054126281883,21.006869522502285,30.49,181.5940858580043,76.25968704768236,hold
104338721,pl_refinance,0.7033748250089482,15.834004453947333,20.990000000000002,98.65246414876401,29.262804441425587,hold
98003035,pl_refinance,0.5131332967664828,17.859530185021505,22.99,81.90575379802317,39.87718432749967,hold
114508932,cc_to_pl,0.8377733908162732,25.002156744378784,36.0,466.3769655478702,75.65875372222675,hold
107923323,pl_refinance,0.4944959788597778,11.563943915732928,16.490000000000002,25.564416626059256,12.922915402576905,hold
102655352,pl_refinance,0.9596915547140489,11.563410589503432,16.490000000000002,28.407728319195883,1.1450713626524716,hold
100317423,cc_to_pl,0.25300292513896383,7.933401059764148,36.0,196.24164481584597,146.59193464335536,consider
118211267,cc_to_pl,0.37213268698991836,10.008131096975399,36.0,314.08034282687106,197.20078091999278,consider
105934426,pl_refinance,0.28809391007807433,7.932251676670921,12.99,40.33580632743144,28.715306166409786,consider
139297635,pl_refinance,0.4793170659270337,14.56464136127579,19.47,18.145386771225105,9.447993223930276,hold
118312565,pl_refinance,0.43760442126548726,13.004548960963271,17.619999999999997,65.83114292562584,37.02314372441177,consider
98906247,cc_to_pl,0.7171951054189257,18.547051193581705,36.0,292.45657819482267,82.70815176592853,hold
111099802,pl_refinance,0.542665829014951,15.752006401060306,21.02,29.530301832460907,13.505216107486783,hold
112062299,cc_to_pl,0.5861226967820865,14.062261383522555,36.0,215.36901543670325,89.13634730563993,hold
126576605,other,0.2505051534339945,10.002968408174723,14.93,11.81239080575935,8.853326034540299,consider
116629017,pl_refinance,0.5042193595419112,12.547762426072934,17.619999999999997,12.42757796407156,6.161352562370229,hold
134208792,other,0.4339375985945346,11.049524096769794,16.05,18.549611689640784,10.500237738176954,consider
110670313,pl_refinance,0.35764120634852115,10.009605311586904,14.93,41.068753763885866,26.380875124539358,consider
126351041,cc_to_pl,0.6450874833208722,16.935988189763883,36.0,169.049734012219,59.9978665422138,hold
119312340,pl_refinance,0.7713945452682323,17.836230355352924,23.06,13.35353493293141,3.0526909256193306,hold
129824718,pl_refinance,0.35835139765499613,11.98350911361755,16.98,52.143342624516265,33.45770291661753,consider
119300598,pl_refinance,0.661415694799412,15.815208148011324,21.02,58.134588369832954,19.683459211322077,hold
126341978,cc_to_pl,0.15583169671623284,6.179633524589778,36.0,100.66131889919069,84.975094781436,consider
121734249,pl_refinance,0.46121732960093853,14.248528394071824,19.08,11.99009269118821,6.460054158490653,hold
105969962,other,0.4752985559095347,12.671986050848004,17.740000000000002,15.021440260030403,7.881771396756608,hold
128585399,cc_to_pl,0.3259233666040814,10.007594832754735,36.0,395.7488874102195,266.7650776956612,consider
119698420,other,0.3336663197194095,10.356122910599764,15.42,12.183571006723781,8.118323707870156,consider
96459990,other,0.11489261741823058,5.4152423014012125,10.32,12.25089885888346,10.843361023260325,consider
128270112,cc_to_pl,0.4505788514958036,14.26148602756289,36.0,237.963596796562,130.74223265415662,hold
131482014,cc_to_pl,0.5168328883207337,13.395382897555551,36.0,145.77804796712053,70.43515838251517,hold
130818956,pl_refinance,0.667843192718704,15.756394285143555,21.01,41.888468368887175,13.913539915313123,hold
118577675,pl_refinance,0.6221826700872617,15.83114009511714,21.02,82.80182413171815,31.28396410534989,hold
98042164,cc_to_pl,0.42498840736853744,11.55520409144538,36.0,91.17093824020131,52.42434639920286,consider
120263930,other,0.6108908760315571,19.134208746772742,26.45,49.48150133305114,19.25370363634687,hold
121263942,pl_refinance,0.4622891688822013,13.404535194793391,18.59,31.314130624620077,16.837947203895776,hold
130924458,pl_refinance,0.6644215643618482,15.837932887024023,21.01,103.14261221702884,34.612436455423065,hold
139302086,other,0.3170730070304153,11.519991714739257,16.55,12.218285589121678,8.344197036622479,consider
102513439,pl_refinance,0.1534770686572727,5.404224356048641,10.32,24.554816462073745,20.78621521005732,consider
127114186,pl_refinance,0.368188231474385,9.492869813907083,14.44,43.54513884590699,27.512331184925955,consider
119693381,other,0.5722188632685586,18.245720900414348,24.03,39.247002831354564,16.78912748449895,hold
107346266,pl_refinance,0.15149228874697468,7.219260687131264,12.24,52.465926014684555,44.51774280149055,consider
138399402,pl_refinance,0.6992202720531683,21.33284284963007,27.35,146.21077915055207,43.97723837579735,hold
96467293,pl_refinance,0.632822431249164,14.71722590949588,19.990000000000002,40.623305927618844,14.91596670512451,hold
96782361,pl_refinance,0.49007278939520693,13.363759607374838,18.490000000000002,12.646250297772099,6.44866713895296,hold
106776055,pl_refinance,0.5439243727058679,15.71775201020352,20.990000000000002,28.191903116333265,12.85763989839709,hold
104441835,pl_refinance,0.4678958581979384,15.751664198174497,20.990000000000002,60.030394414224475,31.942421501820185,hold
126161120,pl_refinance,0.30159786917922626,10.361159634766413,15.42,28.45113021477198,19.870329966256048,consider
112726174,other,0.5761857899512729,18.24771789026764,24.03,21.970558531927338,9.311434908538105,hold
134352517,pl_refinance,0.14203831916807416,6.277157550690677,11.190000000000001,13.529152951137917,11.607494806190497,consider
96335566,pl_refinance,0.5372881263092172,13.362777194054814,18.490000000000002,108.1521054192026,50.0432633421223,hold
117895059,pl_refinance,0.5761191348006961,13.006663365676866,17.619999999999997,105.28090088036129,44.6265593541297,hold
126779160,pl_refinance,0.5591553672731352,14.07951415220012,19.08,93.53471828295267,41.23427852865903,hold
130752303,cc_to_pl,0.2857437279198483,12.041359234580293,36.0,132.22799654227504,94.44467587491256,consider
102547338,cc_to_pl,0.42102602448233384,14.896492677003272,36.0,139.61754392331994,80.83492445729692,consider
117871090,pl_refinance,0.6352873099530597,12.575519364080945,17.619999999999997,68.59689192658516,25.018156983404115,hold
131081331,pl_refinance,0.2024484666913311,7.305439874795167,12.34,19.24679012246682,15.350306973443555,consider
99828603,pl_refinance,0.5920894828777953,14.893593489532032,19.990000000000002,38.98439501788221,15.902144731440632,hold
120211439,pl_refinance,0.5187798775982642,17.833440448029677,23.06,41.768203258434255,20.099699884524313,hold
115694176,cc_to_pl,0.30704151316781586,9.456774969201462,36.0,222.4567495891713,154.15329258091822,consider
113877346,other,0.4926404070690932,14.925676602919848,20.05,12.800607547217766,6.494511034424699,hold
123060563,pl_refinance,0.18163898650754312,7.301039865257004,12.35,13.222941149390948,10.821139520366689,consider
114167759,pl_refinance,0.7059045483915027,15.694677478434542,21.02,33.91464080721818,9.9741416043388,hold
119967557,pl_refinance,0.8162677601769954,19.380606971717892,25.0,101.76552123747854,18.69760715371747,hold
112536470,other,0.14380158819253477,5.39724051730291,10.32,39.34229732440588,33.6848124860134,consider
129173357,pl_refinance,0.41085723568479804,10.065778511272743,14.92,32.98305483292489,19.431728099829254,consider
106792771,cc_to_pl,0.20571780727896527,7.9288645822887585,36.0,88.32382852528951,70.15404419058363,consider
98917180,pl_refinance,0.3526770809261478,13.345430291542424,18.490000000000002,12.690524068853023,8.214867084826919,consider
104291310,pl_refinance,0.5602172796021047,15.68471290883959,20.990000000000002,24.313025745412688,10.69244860342166,hold
117865974,cc_to_pl,0.32796321857272065,10.360519592395185,36.0,234.34202839990212,157.48646251901033,consider
106491416,other,0.37293908958638367,8.307418289727698,13.24,11.65644979352075,7.309304019715731,consider
122653776,other,0.7833785703213334,15.818098989906124,21.02,103.7537626817059,22.475288406652215,hold
104173046,pl_refinance,0.45348781601148247,11.518038383247818,16.439999999999998,70.87212552495862,38.732480104553495,hold
111470580,pl_refinance,0.636033422787929,14.070292483836836,19.08,44.976978192996626,16.37011680624694,hold
120611912,pl_refinance,0.3068464336794096,9.466891530782295,14.44,65.6534501793999,45.50792313310224,consider
109880034,cc_to_pl,0.4884570364851117,14.933079265466109,36.0,55.85614037914462,28.57281558005125,hold
107059838,pl_refinance,0.5422849291653304,14.883614537151864,19.990000000000002,15.274445302646114,6.991343813660952,hold
113821884,pl_refinance,0.6303862746569753,18.544347980135424,24.03,72.30187087302033,26.723763842647376,hold
134452604,pl_refinance,0.7726373722604836,24.983851487359257,35.65,193.54505764024668,44.004912891082654,hold
109648016,pl_refinance,0.7726524342407417,23.533822488976103,31.3,117.8560766837503,26.79429214398711,hold
99688235,pl_refinance,0.43164355775793034,12.680244700362561,17.740000000000002,47.99100660526119,27.275997773781917,consider
111684325,pl_refinance,0.37499652015527024,10.060702211118674,14.93,70.59915337560903,44.12471653384744,consider
134147313,cc_to_pl,0.30248133890192425,11.046238383258236,36.0,307.6754766616101,214.60938653371852,consider
112706791,other,0.4159945251454551,17.169871281328717,22.09,16.062182359804495,9.380402436237919,consider
104162068,pl_refinance,0.22449039010915572,7.9305383847389885,12.99,32.279851723759975,25.033335217627396,consider
140016580,other,0.9022177785029706,24.934407487381034,35.65,388.79843253202785,38.0175744475446,hold
122645067,pl_refinance,0.5242776769632372,14.937763056102042,20.05,26.794642922041305,12.746809775814043,hold
110078379,other,0.7321382134997586,24.570813939216468,33.72,264.0086950003713,70.7178406943968,hold
96797278,other,0.4397466218396844,14.218141645844526,18.990000000000002,52.05726362456926,29.165257803447044,consider
131487169,pl_refinance,0.1842276310674828,7.306855296275457,12.34,26.358320865614417,21.50238985362567,consider
103258076,cc_to_pl,0.3895305845027648,12.657882676991646,36.0,274.41954033767433,167.52473639096002,consider
104305918,other,0.8423488413454261,22.74761341575119,28.99,95.52412744753792,15.059489371571539,hold
136534638,pl_refinance,0.28464798789682483,9.952689830995718,15.08,42.906341046193916,30.693137399379868,consider
98817464,pl_refinance,0.1741164209870031,6.757753558200175,11.99,19.007027611176568,15.697591989917356,consider
130027769,pl_refinance,0.6793094198022288,15.802420239919766,21.01,166.12662180934944,53.27524273433598,hold
120046078,other,0.4179332541274411,12.561458021351662,17.619999999999997,29.906768565752202,17.40773545863112,consider
131531584,pl_refinance,0.6414613087137122,12.560741250585787,17.61,29.846127994354504,10.700991671058901,hold
129911999,pl_refinance,0.6104403724080407,13.017378996914708,17.61,114.60878520285905,44.64695568239262,hold
95815127,pl_refinance,0.7415718408784555,18.542763915832982,23.99,122.7588026950857,31.72433139645589,hold
119275036,other,0.1271883684241103,7.008705278531418,12.07,55.303535808564106,48.26956932098848,consider
94617027,pl_refinance,0.5673602425203917,15.785899036224043,20.990000000000002,99.5452863055167,43.06724852545691,hold
138945350,cc_to_pl,0.6600748204140091,19.384050538894446,36.0,395.9755375878217,134.60205572619958,hold
121080543,cc_to_pl,0.5037803107230598,17.880498955263384,36.0,48.55658994398945,24.094735974354244,hold
107045508,pl_refinance,0.1131929877826374,5.4257276198284226,10.32,44.00954841693067,39.02797614065365,consider
132110007,other,0.6784691139370401,14.034566176159645,19.07,60.24789086002136,19.37155773164717,hold
136253168,other,0.603840686396804,14.88859071181505,20.02,83.1844535719988,32.95429602953997,hold
111071312,pl_refinance,0.545899269470383,14.941702376448657,20.05,38.24864046027949,17.36873557477758,hold
98074704,pl_refinance,0.15192184536517556,7.520008692156005,12.49,18.811666724031284,15.953763600921784,consider
131970660,other,0.6715533818473091,13.020246196740413,17.61,114.53925093431735,37.62002961511898,hold
134136395,pl_refinance,0.6102920548095205,15.432993494457778,20.490000000000002,119.01362408968134,46.380554893661866,hold
113482240,pl_refinance,0.867643068139316,24.987829961254967,35.17,190.0337186818881,25.152279954811053,hold
117275491,pl_refinance,0.5477651195543677,15.662889772753273,21.02,27.29063465762465,12.341776901676313,hold
139788522,pl_refinance,0.6962588565912706,15.74060448433033,21.14,64.80041763561769,19.68255294600571,hold
132154058,pl_refinance,0.18492835134229957,6.19953089609108,11.07,27.248958983859552,22.20985392318046,consider
120603163,pl_refinance,0.8195352527798735,22.703817797349554,28.88,100.51330407914259,18.139108012902177,hold
119330812,pl_refinance,0.6587891976493055,14.779218247954226,20.05,65.10446407869574,22.214346424903738,hold
96304416,pl_refinance,0.38263261453713526,11.393406250883613,16.39,17.24288597608563,10.645195432890283,consider
125097762,cc_to_pl,0.2181861639460015,6.744030830727379,36.0,399.67283743392295,312.46975420080145,consider
124851147,pl_refinance,0.5183527061773703,14.256424446036533,19.08,70.7794887430124,34.0907492112212,hold
96647143,pl_refinance,0.3860296132537822,11.512350652784741,16.439999999999998,51.085966366683124,31.365270527456715,consider
97953743,pl_refinance,0.5807809897930526,15.749417793982682,20.990000000000002,26.691591458772336,11.18962255219475,hold
130347504,pl_refinance,0.5811927943027537,14.228077635317984,19.07,47.351878951230674,19.83130810807917,hold
96592878,cc_to_pl,0.668479020030759,14.731958468653884,36.0,213.78235091660912,70.87333447600243,hold
102414557,pl_refinance,0.38284712592330544,11.558683981664947,16.490000000000002,22.74788504165616,14.038922632624347,consider
112581306,pl_refinance,0.29258857155333046,10.358968166949689,15.42,19.924673277941167,14.094941584881546,consider
101525829,other,0.4138702634841117,11.549468218367236,16.490000000000002,13.67388786711416,8.014672292699425,consider
128236677,cc_to_pl,0.4555673308232335,12.554348998751841,36.0,74.34091007707968,40.47362010229447,hold
124130080,other,0.35243213029042436,13.383688119586902,18.59,47.15651000039486,30.537040723894002,consider
115079853,pl_refinance,0.1701623852995764,7.014960436760608,12.07,34.1938224352711,28.3753200471752,consider
115700634,other,0.46728495189942415,17.8608165143256,23.06,34.62784439745616,18.446773793810113,hold
107622180,pl_refinance,0.6184600115236266,15.762864361222004,20.990000000000002,66.6489839581742,25.42925257136378,hold
110661183,pl_refinance,0.5477142424310849,15.693685419791867,21.02,33.92082616534594,15.341906559556968,hold
109193093,pl_refinance,0.3169295064630049,9.37231621582226,14.44,12.092130583472652,8.259777605566457,consider
119379625,pl_refinance,0.6028487332650583,13.403124456931504,18.59,31.322470662394608,12.439758900838067,hold
109049779,pl_refinance,0.6349779485662851,14.78421824191771,20.05,97.5669274164776,35.61407999764702,hold
102954310,pl_refinance,0.5449376563705418,17.847127108417297,22.99,27.366616908365188,12.453516827530219,hold
109324954,other,0.6142208911600332,20.666776672177814,27.91,95.87265557321405,36.98566762915559,hold
110364221,pl_refinance,0.2796507409840138,9.455906765085041,14.44,87.72719170109303,63.19421753743573,consider
125046786,cc_to_pl,0.8049849342978458,23.30514028961738,36.0,136.37427865789238,26.59503891255277,hold
132246165,pl_refinance,0.17822329012938432,6.736630786922055,11.71,11.59573782775172,9.529107280612047,consider
99796219,pl_refinance,0.37291907134698393,11.564734199070553,16.490000000000002,56.79964290428279,35.61797281957735,consider
98440671,pl_refinance,0.44584358646989075,13.586655903946577,18.490000000000002,53.961353352911715,29.90303004328049,consider
135162570,pl_refinance,0.46930272839299664,9.553732471966644,14.58,53.244515463964035,28.256719084762608,hold
131066503,pl_refinance,0.1851588786226345,6.209650561110112,11.07,74.162109636482,60.43033657990212,consider
130171199,cc_to_pl,0.7413130004845472,17.147152519184225,36.0,607.4316400858204,157.13466838455133,hold
115080435,other,0.6888171027744683,15.784816313282466,21.02,66.814308568819,20.791470116565765,hold
95073660,cc_to_pl,0.7851179898902068,22.059016503854437,36.0,256.8313788013686,55.188442936107826,hold
115063291,cc_to_pl,0.6700009014465145,14.779220290787553,36.0,284.85213682233325,94.0009483724041,hold
130655495,pl_refinance,0.46646161129274294,7.934666192043079,12.96,66.75772665735099,35.61780991452255,hold
114093929,pl_refinance,0.6236142638723707,13.687409667377826,18.59,54.138643603334685,20.377013225592492,hold
122701637,other,0.35210221340748177,10.360123658060955,15.42,12.174150186736398,7.887604959631404,consider
133033967,other,0.17766288957262474,6.199619954783297,11.07,11.297044547455414,9.28997896952382,consider
125679639,pl_refinance,0.6440185900165476,12.972444148538985,17.619999999999997,56.3343708589598,20.053988768903224,hold
96295966,other,0.4127010936991065,14.201549487763799,18.990000000000002,11.876810618695572,6.9752378867027485,consider
112270226,pl_refinance,0.30546779241189553,12.038035946580894,16.990000000000002,14.582346145827188,10.127909060475243,consider
110026326,cc_to_pl,0.626811852465007,18.536811634178417,36.0,196.05560940031916,73.16562968594926,hold
122419294,cc_to_pl,0.3676549316720322,11.039705855224573,36.0,138.20853801545815,87.39548741489341,consider
136492479,pl_refinance,0.479560614423017,14.549680737646707,19.47,15.166951990287771,7.893479174900967,hold
96961896,pl_refinance,0.7722752695476208,16.85538564233736,21.99,146.62199126163796,33.389453438447596,hold
145196851,other,0.17211176111553045,7.509073318512507,12.559999999999999,39.87935496441378,33.01564894933715,consider
111643149,pl_refinance,0.6359020371871432,23.517239591288046,35.17,31.762411612324797,11.564629362070884,hold
111491437,pl_refinance,0.3356625094421798,10.01652806780533,14.93,20.506086061394853,13.622961755189753,consider
102637129,cc_to_pl,0.2890685316351574,7.9269280579998895,36.0,122.67431661383046,87.2130320409241,consider
99636450,pl_refinance,0.2681113508499941,8.218746920474254,12.99,32.24168166046138,23.597320836799597,consider
107235975,pl_refinance,0.6416699288787804,14.018076671174738,18.990000000000002,37.09340855830993,13.291683726827655,hold
120211619,pl_refinance,0.8439107772750065,19.395837328591966,25.0,142.09670785679236,22.179764681147194,hold
126525947,pl_refinance,0.13329810418691487,6.19212140220131,11.08,11.337756223457802,9.826454813137481,consider
135445690,cc_to_pl,0.6023256519422852,15.886004521565997,36.0,136.34142735493378,54.219488236631584,hold
134481449,pl_refinance,0.3383393593430065,10.039295871677298,15.07,112.27981778192543,74.29113616643927,consider
97366703,other,0.4556098934147838,15.731552487096751,20.990000000000002,28.119638178026435,15.308052824873524,hold
110481041,pl_refinance,0.7283646439049267,18.5495051676875,24.03,98.24092232403359,26.6857079185973,hold
133334069,pl_refinance,0.44754026843482075,10.011398269505678,15.07,101.60033115544888,56.130091677072606,consider
126687116,pl_refinance,0.08353355377078335,5.422028027901803,10.32,39.148523538103746,35.87830824208678,consider
117967855,pl_refinance,0.6567885450052048,18.552625701839148,24.03,72.1960086261654,24.77849716540301,hold
98012266,pl_refinance,0.32182683130057005,8.296487330493827,13.24,29.094798947971185,19.73131199521846,consider
129877699,pl_refinance,0.5174251542064336,13.001834515195352,17.61,39.42396669153976,19.025014646740495,hold
96617050,other,0.3481677872760875,11.57156453185587,16.490000000000002,85.08329190953941,55.46003043122963,consider
132346875,cc_to_pl,0.26958342920807093,7.290947822365052,36.0,661.0847163291628,482.8672315041022,consider
134856242,pl_refinance,0.5344433145493509,13.025290458233876,18.060000000000002,64.93806507059935,30.232350333846806,hold
109967988,pl_refinance,0.6396719450891398,14.07213939716416,19.08,59.94785838066343,21.600895206376162,hold
99787038,other,0.5646883384198356,17.86480690409968,22.99,27.274390717031338,11.872860341617525,hold
127162049,pl_refinance,0.5664739269855256,14.954676616968749,20.05,19.0767330765122,8.270261176605667,hold
119686659,pl_refinance,0.6155567344732849,17.863089984316808,23.06,69.2260095318561,26.613473163810273,hold
113152176,other,0.3935127950915582,11.03514919310729,15.91,11.786254996850431,7.148212849377973,consider
104330994,pl_refinance,0.4987273326140558,12.672562886666253,17.740000000000002,13.517341980149354,6.775874070357467,hold
120990208,pl_refinance,0.414724373464668,11.980997143135538,16.990000000000002,104.5761487953198,61.2058710068329,consider
131015095,other,0.4684534278473703,14.918870512037104,20.04,12.79177664970453,6.799425029892493,hold
120194974,other,0.4558448278774325,12.548812768497582,17.619999999999997,14.989987564868926,8.156879263476396,hold
107360517,pl_refinance,0.7517178987760796,21.030960803674844,29.74,189.0657251736418,46.94163551553604,hold
105936119,cc_to_pl,0.6718913433169049,18.57645210229242,36.0,567.7797975971589,186.29346668140343,hold
125808621,other,0.4323377833492269,11.033524990677392,15.91,55.51128982435125,31.511661830834736,consider
134897052,pl_refinance,0.3788349578245154,10.084753577441434,15.07,116.66406622834847,72.4676396190956,consider
113255713,pl_refinance,0.5505019836675807,12.563358633619755,17.619999999999997,23.916076558834334,10.750228971650305,hold
125879118,other,0.28489771886369514,12.038700367482953,16.990000000000002,12.074769907184077,8.634695504823341,consider
125547596,pl_refinance,0.3659791345829349,9.370899129029787,14.44,22.15845717843257,14.048924196576797,consider
134529137,other,0.35174420888124386,11.048019611985108,16.05,34.25492201784391,22.2059515723887,consider
98074727,pl_refinance,0.32334321284189216,11.332556801131705,16.39,12.267258615858566,8.300723802244475,consider
99857239,other,0.4733793532383234,14.035275773201183,18.990000000000002,110.90353585336891,58.40409177925792,hold
135595500,cc_to_pl,0.19992575636295054,6.268940162392732,36.0,502.7968179188332,402.2747837995258,consider
113721450,pl_refinance,0.15961021823781488,7.210005097996572,12.21,31.330315388062957,26.32967691151466,consider
127251322,other,0.4430435987369083,14.895047353353696,20.05,112.55650351618328,62.689065137129965,consider
136904830,other,0.29796322519850255,9.90999457411517,15.08,12.397854944816885,8.703750099916043,consider
107570543,other,0.7216963492010829,15.795588832734005,21.02,83.3520612056933,23.19718293515923,hold
112734942,other,0.3009520159778579,7.934888092903173,12.969999999999999,42.816967499466045,29.931114812443315,consider
117579467,pl_refinance,0.1089227890903409,5.396181352105542,10.32,61.48486706789561,54.787763860011566,consider
113539588,pl_refinance,0.8157323791308035,23.63978401464411,31.3,104.67755696388315,19.288684380134537,hold
134389757,pl_refinance,0.6087372657756318,15.853196731732195,21.46,99.21462495830679,38.81898543623235,hold
113863934,other,0.14446159828143548,5.400572148972735,10.32,19.658127598755073,16.818283066618516,consider
112499136,other,0.18913696640187283,7.935453478250857,12.969999999999999,22.47607575683253,18.225018971566545,consider
129064817,cc_to_pl,0.22035387271872955,6.202504190391118,36.0,167.6587097500166,130.71446376157505,consider
131317212,cc_to_pl,0.38539271621716664,13.396157777057722,36.0,109.3322463648023,67.1963949681467,consider
130651503,pl_refinance,0.6780596709365015,21.443036251168063,31.77,137.59964991957486,44.29887657413012,hold
102417393,pl_refinance,0.3845315860293246,8.301487018754262,13.24,11.670167846296351,7.182619695131589,consider
112146500,other,0.35068351070282644,10.352248952974842,15.42,34.20021111686236,22.206761015623236,consider
119005339,other,0.19205545329602947,7.319384132259969,12.35,12.648710276136313,10.219456490442807,consider
141612425,other,0.658686897016879,15.709014583078336,21.14,43.44571259196124,14.828590976075144,hold
131860223,other,0.6162625284813874,19.518094881982297,25.39,86.00660450919486,33.00395694825974,hold
115014574,other,0.6113729699352805,14.957146215610452,20.05,22.245620209763615,8.645249314068137,hold
96676797,pl_refinance,0.5608324164294889,12.669589959602341,17.740000000000002,46.06111239154302,20.228547425563676,hold
98327152,pl_refinance,0.7026466289121834,18.56490632213971,24.99,16.590630666933777,4.933279957285669,hold
143575579,pl_refinance,0.53160132072683,18.70899662533853,25.89,99.95648075784163,46.81948357176705,hold
102614907,pl_refinance,0.6501686321651032,15.684366534974494,20.990000000000002,50.655214689256354,17.720783042712906,hold
124826356,cc_to_pl,0.31811320416526967,7.926644380208573,36.0,171.69547581595123,117.0768778634584,consider
114503131,cc_to_pl,0.6766145521989282,16.915496634459146,36.0,338.42841727641894,109.44282526954272,hold
131854139,cc_to_pl,0.4484841314293761,11.03906717493721,36.0,99.80628482710628,55.044749865228596,consider
98093714,cc_to_pl,0.3018895101653809,11.397654465484328,36.0,305.23964761329023,213.09099991226057,consider
110086426,other,0.23833961968019532,7.928014092698124,12.969999999999999,16.077911772009003,12.245908395016642,consider
109810317,pl_refinance,0.5213895272909547,15.738852138673158,21.02,13.28548506097593,6.35857228520265,hold
105416403,other,0.5670081710235908,12.673946606573333,17.740000000000002,12.424907921064943,5.379883605605384,hold
120199344,cc_to_pl,0.1306485761307527,7.223958359478885,36.0,74.12098501630146,64.43718386251281,consider
113487669,cc_to_pl,0.1479801981009553,7.000683266597892,36.0,132.8758726472975,113.21287469011313,consider
131643184,pl_refinance,0.7293485856756271,20.9456702543739,26.85,99.10000531771493,26.82155659879242,hold
135032892,other,0.28750599267246396,9.557351155760697,14.58,12.470498541252937,8.885155479029498,consider
109868217,pl_refinance,0.8183355896353641,12.574736638984357,17.619999999999997,29.829886900345514,5.419028814995044,hold
126867736,pl_refinance,0.3036630633393724,12.05580035715717,16.990000000000002,57.54907965536211,40.073549834853296,consider
116876055,pl_refinance,0.4698551773138568,14.941096442226671,20.05,13.38876357952961,7.097983693856416,hold
109770793,other,0.7638996393650122,19.38753492889018,25.0,91.47903804816349,21.598233873713173,hold
129343376,pl_refinance,0.5956318460548072,14.728234550262362,20.04,40.982967729374195,16.57220700392245,hold
114854249,pl_refinance,0.4689616698612542,14.935372042018587,20.05,31.27504623572463,16.608248328031276,hold
110000712,pl_refinance,0.3685346871085888,11.044919512648717,15.91,41.5383741596205,26.23004243570527,consider
129436651,pl_refinance,0.47527173323278576,15.70897312040508,21.01,84.3892361960036,44.281417642938024,hold
123330663,pl_refinance,0.17126558422200347,6.208479583085236,11.08,54.521557960267046,45.18389148350809,consider
129664263,pl_refinance,0.5911659506716883,15.722132476389685,21.01,13.469649546096832,5.506851366964024,hold
134318598,other,0.5605799234179522,19.21767453647012,26.85,21.8368707418484,9.595559413695304,hold
107625217,pl_refinance,0.7845109339657522,23.40312552131411,30.82,285.88398756484,61.604873474493886,hold
104304973,cc_to_pl,0.46351625724884465,13.027240047636989,36.0,551.4732890847312,295.8564541554664,hold
132500997,pl_refinance,0.4408644106595009,14.227279581362897,19.07,29.599815367235408,16.550310209729133,consider
110875676,pl_refinance,0.2866822152096144,7.937736184872551,12.969999999999999,64.18948663973083,45.787502416684845,consider
111416119,other,0.34263418474823604,10.35683926058683,15.42,12.181884194810976,8.007954235024496,consider
130250741,pl_refinance,0.8254964956995846,20.99637868157469,26.85,112.1541822814994,19.571297830069202,hold
121840288,cc_to_pl,0.8488536570156835,23.6303454616047,36.0,164.35545777877792,24.841726392775517,hold
97610259,other,0.37659529706905803,8.274424488243376,13.24,20.65517764627475,12.876534884561744,consider
137623030,other,0.2193854663875542,8.51842174685333,13.46,21.260988038967582,16.596636262178468,consider
128657120,other,0.30416960611574556,10.350122037963724,15.42,12.19770104057261,8.48753111954402,consider
117228833,cc_to_pl,0.6028317864756407,14.943538037070969,36.0,55.83054478059054,22.174117730598887,hold
138816828,pl_refinance,0.8652507737709274,24.999141284819256,35.65,322.13472955237603,43.407405548694236,hold
106949132,pl_refinance,0.4760821872199956,12.67620435270894,17.740000000000002,18.0110357593137,9.436302460922079,hold
121923416,other,0.7086466900582369,20.658080308391845,26.45,137.0579609658564,39.93229058127123,hold
106836931,cc_to_pl,0.17532118968211455,6.767348930595601,36.0,78.53157029140334,64.76332196030991,consider
113316360,pl_refinance,0.778210508240518,14.787150952719136,20.05,105.64174046508003,23.43022792633721,hold
119374410,other,0.3792265419458205,12.552064057915423,17.619999999999997,12.41725739139332,7.708303810404052,consider
109368777,pl_refinance,0.27344050701990663,9.466664598040035,14.44,19.15020567408834,13.913763725030131,consider
117880241,other,0.42331576030431106,12.044007145393573,16.990000000000002,12.062092355366104,6.956018559093484,consider
122668569,other,0.3696928343184596,10.010696621134883,14.93,27.373506000992563,17.25371698225226,consider
139427463,other,0.5637053662764305,8.550082467501433,13.46,11.625971333047886,5.072348904432846,hold
99870588,pl_refinance,0.6317893304493143,14.739833228565598,19.990000000000002,76.86273638021328,28.30167962605618,hold
96315456,other,0.4761688158264719,14.211780331273877,18.990000000000002,72.9024109485822,38.188556256301,hold
116658388,pl_refinance,0.4520285286988224,13.403080525687722,18.59,31.322730374722028,17.163962648606518,hold
103587678,pl_refinance,0.3358313716677913,8.3141781123417,13.24,22.140270532035913,14.704873110166313,consider
110259505,pl_refinance,0.30224096376158277,9.640409270953324,14.44,109.92099052881849,76.69836441376057,consider
102076112,pl_refinance,0.2765336943934285,7.93465739114599,12.99,67.19506725579197,48.61336706253292,consider
140227038,pl_refinance,0.4006909176933098,12.588602828756983,17.73,30.309244990225693,18.16460580050081,consider
113894421,pl_refinance,0.45773877522044853,14.259306020276323,19.08,47.15897057439156,25.572481143012396,hold
125923231,pl_refinance,0.5392863845398864,17.17263664062568,22.09,48.15998047058213,22.187958723090354,hold
99371118,pl_refinance,0.6508666525454087,18.540535061161556,23.99,71.74731599600523,25.049380604567652,hold
119256244,other,0.8005888787159755,24.549544482018135,33.72,105.83866196920133,21.105406258479277,hold
136123076,pl_refinance,0.6943065293953532,19.21901855344006,27.35,70.39169148226199,21.518280470944223,hold
123916329,pl_refinance,0.5941332832117738,14.781901483778887,20.05,142.34597562605927,57.773493775365544,hold
103428006,other,0.4822921422465557,14.206968575225188,18.990000000000002,11.86362836993041,6.141893628579659,hold
138123669,other,0.36977334064603684,10.231433910348509,15.47,55.18483910212086,34.77895679431559,consider
132643400,pl_refinance,0.39537001646163866,11.192602928940932,15.9,31.580974360988705,19.094804008010012,consider
104898620,other,0.6129856974621358,15.697401657759025,20.990000000000002,13.310554165669856,5.151374836819182,hold
113850722,other,0.5610672585324495,14.074585859860608,19.08,41.19462182631543,18.081668291943622,hold
129685868,other,0.6390200123728286,19.203577517282973,26.85,19.92877377189069,7.193888509601799,hold
111090197,pl_refinance,0.3694825392048985,12.054226533031548,16.990000000000002,12.037677288131789,7.589965717583719,consider
126785895,other,0.1838616037152607,7.2919203805859905,12.35,63.581205789034584,51.891063326512665,consider
121913063,pl_refinance,0.3111290139321063,10.009637982755772,14.93,26.283593692216698,18.106005104165188,consider
143598520,pl_refinance,0.12636260068474492,6.212376983968917,11.46,53.78447212883964,46.98812635418328,consider
118273638,cc_to_pl,0.4299157323957851,12.054150429090843,36.0,360.4888137904769,205.5090013892562,consider
96204245,other,0.3821892804345996,15.696747544406522,20.990000000000002,20.216173103349036,12.48976845183876,consider
131718741,cc_to_pl,0.18869034149486041,6.20503286912106,36.0,167.61860311506763,135.99059165239404,consider
106953719,pl_refinance,0.5155738044304611,12.675357111602082,17.740000000000002,12.421520250368161,6.017309798075835,hold
126594328,pl_refinance,0.7873596682500843,20.635409134648853,26.45,192.60927505041718,40.95650014483147,hold
135864254,cc_to_pl,0.3376336176428774,8.036957622480667,36.0,81.60590102763078,54.053005442665196,consider
110663487,other,0.31622288612382266,7.287974779155784,12.35,106.04951391911868,72.51423055558647,consider
120110359,pl_refinance,0.8663624367123363,26.225448710985656,35.989999999999995,172.08011449098774,22.996367190837795,hold
128147895,pl_refinance,0.7844937296268106,20.620896402574314,26.45,137.9113906310606,29.720769436879884,hold
104346961,other,0.3219403149035856,11.505676794211634,16.439999999999998,28.418934943438444,19.26973407852336,consider
124863560,pl_refinance,0.5566932209284531,17.172057066022255,22.09,51.376764914271234,22.775668173261643,hold
103771487,pl_refinance,0.3948686981774588,11.398964309203627,16.39,43.058950845486834,26.056318980242263,consider
118638654,other,0.519685597025666,12.991170523832286,17.619999999999997,59.331337292720605,28.497695849421937,hold
99224943,pl_refinance,0.29801969049111054,11.526943401275062,16.439999999999998,31.12901705227364,21.851957025062546,consider
111785267,pl_refinance,0.44320180856889047,11.04104634390449,15.91,44.3415906082389,24.689317455846094,consider
106507450,other,0.4042235242462977,8.306201056225243,13.24,11.659265112862585,6.946315878819362,consider
130115853,other,0.6246308989387606,21.141594300153645,29.84,32.967300132926425,12.374905815312673,hold
133479563,other,0.5941609659722784,14.304257939671253,19.52,44.310867614797075,17.983079709719497,hold
135764085,other,0.22747255178443337,9.60291946068398,14.58,27.46601740106746,21.218252335490995,consider
109898181,cc_to_pl,0.40134045287321446,9.46378089884039,36.0,141.78518041811697,84.88105189839948,consider
117892774,other,0.5791670626080287,14.243175005480401,19.08,14.786018868716326,6.222443752855003,hold
96798311,pl_refinance,0.3768809786571518,11.391703776924263,16.39,86.24057570161722,53.73814313123553,consider
126361270,other,0.2852161713422943,9.444661911083617,14.44,38.465399051762574,27.494445205065336,consider
114112571,pl_refinance,0.6347912254898863,18.235820710925474,24.03,39.312693573511524,14.357340642673766,hold
103738676,pl_refinance,0.589743140019574,14.898764820881755,19.990000000000002,63.45486550224996,26.032793871433327,hold
99360619,other,0.37371569087099554,10.487584344493175,15.49,14.092804756878934,8.82610249085187,consider
124037117,pl_refinance,0.3791987958722482,9.998306276114143,14.93,19.209136050579218,11.925054790453384,consider
107145151,other,0.12635174537159427,5.3941728779048645,10.32,22.143938310434578,19.346013055510255,consider
96205073,pl_refinance,0.3517427066308643,11.557060465372182,16.490000000000002,11.981375947138105,7.767014342329813,consider
95092521,pl_refinance,0.14235137868587686,5.385217958202374,10.32,29.577199948506745,25.366844758168963,consider
129175518,other,0.8370353177358668,15.760609530361737,21.01,54.41229517745097,8.867282394855524,hold
106794538,pl_refinance,0.5343406760932621,14.207689175377773,18.990000000000002,24.735141792616503,11.518149403887097,hold
124862871,other,0.14158770107253835,5.401900473470839,10.32,55.028547037940825,47.23718156947674,consider
139846075,cc_to_pl,0.6477757069962979,16.301067658091007,36.0,444.0349892046353,156.39991014150914,hold
134755641,pl_refinance,0.32790780184237234,11.047452831162397,16.05,102.7761673223954,69.07506021392486,consider
122669921,pl_refinance,0.3917838849823218,10.347930554775797,15.42,71.30941988866346,43.37153832884724,consider
104632979,other,0.5108252709615503,17.114070702405673,21.99,15.886031935471891,7.771045367530621,hold
130169557,pl_refinance,0.7612750321657701,23.301624895075612,29.84,204.92280183752246,48.92018927716282,hold
136442172,other,0.5670790434644138,14.701113616566035,20.02,41.829524162659254,18.108877611926857,hold
114502787,pl_refinance,0.30450737962303354,9.469623354745588,14.44,41.01176952213416,28.523383051245297,consider
114172210,other,0.4349832715187978,14.25924600106038,19.08,11.964010797493017,6.759866240313284,consider
104895161,cc_to_pl,0.6149164863090593,14.899197783815135,36.0,209.3995284303686,80.63630617319238,hold
97582511,cc_to_pl,0.33395248333370486,8.303219500150771,36.0,162.20404538763506,108.03560162366136,consider
132569643,other,0.6511533167242113,17.47778190624198,22.47,15.770441484121733,5.5014662055307735,hold
98693447,other,0.49512555375857714,13.369104544312206,18.490000000000002,61.72639098687557,31.16407746798036,hold
105156702,pl_refinance,0.3555777531543961,11.512121612923874,16.439999999999998,28.382576029154905,18.29036341597418,consider
107968974,pl_refinance,0.5672263929465934,14.027662763763956,18.990000000000002,37.02401838344679,16.0230179834159,hold
105061415,pl_refinance,0.6153188371198934,17.07509587811394,21.99,101.18632065934207,38.92447149879506,hold
104014097,other,0.3730146589010675,10.48254626409453,15.49,44.01300636691519,27.595509809749814,consider
121020764,pl_refinance,0.5183167902556408,12.046932311420427,16.990000000000002,12.055104077729567,5.806741225963091,hold
96279189,pl_refinance,0.7323709045690517,22.039801228767825,27.74,168.46377353912885,45.08580732516117,hold
114503507,pl_refinance,0.4364629653059243,12.54901862995217,17.619999999999997,44.967280543678044,25.340727935840928,consider
113217868,pl_refinance,0.5115962896839045,12.562762393263592,17.619999999999997,35.87870326251323,17.523291794741663,hold
136202182,other,0.5548376651063994,19.232497115412055,27.35,21.19770314563877,9.436419026693976,hold
115242077,pl_refinance,0.5345499413544018,15.735966850621578,21.02,57.217272354066836,26.631782772741573,hold
109924264,pl_refinance,0.34773418263823497,10.086398669963272,14.93,125.42440722653532,81.81005349673093,consider
130954021,pl_refinance,0.5872248598557704,13.376149513811207,18.58,62.831305602823136,25.935200975650236,hold
118238328,pl_refinance,0.14752938161405635,7.006234748433603,12.07,39.521137031290664,33.69060812437997,consider
123335329,pl_refinance,0.463793682054096,10.35931098340484,15.42,119.87132703858947,64.27576289865135,hold
118007556,pl_refinance,0.5110899912006978,13.398245150373857,18.59,15.676119094096663,7.66421152423371,hold
96832441,other,0.42200123088144326,13.33874900755925,18.490000000000002,12.706660774510311,7.344434287274007,consider
110995167,pl_refinance,0.5495453172116757,14.257604133592016,19.08,44.22657130546543,19.922066148218637,hold
123975209,cc_to_pl,0.2181076151066621,6.753991818279251,36.0,499.436080614718,390.5052681736232,consider
119840354,pl_refinance,0.49674162195576327,15.704105543913025,21.02,16.25161934425475,8.178763591781989,hold
110786331,pl_refinance,0.31050337963685776,9.634059476247662,14.44,110.061828906453,75.88725906198574,consider
121243353,other,0.7638127215295075,17.52062666196207,23.06,90.55679491332239,21.388362937588152,hold
119269897,cc_to_pl,0.5309844407933977,14.253528867207882,36.0,272.0499938776659,127.5956800106862,hold
121749808,cc_to_pl,0.39139762060418265,10.048864908043392,36.0,378.31762740771785,230.24500820771735,consider
124811406,pl_refinance,0.414503543289393,12.558248563968824,17.619999999999997,44.88713152165212,26.281256457830317,consider
100004195,pl_refinance,0.6913679553125592,18.55478130313659,24.99,74.01771973777284,22.844240185770772,hold
130079049,pl_refinance,0.6065438235635526,15.677026492496767,21.01,101.86454210546503,40.07923325126577,hold
134233628,pl_refinance,0.1890535029023812,8.00471518450787,12.46,42.260690816369106,34.27115918246003,consider
111708712,pl_refinance,0.33655913732935666,10.34802532370701,15.42,21.39278621778584,14.192848543256488,consider
108214271,pl_refinance,0.41140309282304305,10.026233531596812,14.93,19.64779749583255,11.5646328388862,consider
100327549,cc_to_pl,0.6231054653784563,14.74545366086687,36.0,249.27166759371545,93.9491291520695,hold
130662861,cc_to_pl,0.5789906713551898,14.038801849889353,36.0,323.29053974737076,136.1083330962589,hold
106306428,cc_to_pl,0.18216295298038626,5.418189803718092,36.0,424.0254328513885,346.783707864393,consider
127600298,other,0.39717212494044263,9.391528917318753,14.44,16.65675035678936,10.041153422980853,consider
109606470,cc_to_pl,0.6842561820661147,17.86911047593097,36.0,144.2943285699007,45.560042208866946,hold
104223919,cc_to_pl,0.6144543681092424,15.77019233854031,36.0,417.91582487950996,161.1256207803179,hold
125792003,cc_to_pl,0.5256850467302644,15.705196490508326,36.0,204.94648773091035,97.20918375088318,hold
95735250,pl_refinance,0.4151494486172699,11.57079152496552,16.490000000000002,85.09639105144583,49.76867122711852,consider
100337429,pl_refinance,0.49966138910397684,12.661758004908641,17.740000000000002,24.081801245849476,12.049054983222447,hold
119129622,pl_refinance,0.26380719353332593,7.939327727982654,12.969999999999999,40.105697124302196,29.525525721242452,consider
96217833,cc_to_pl,0.40308880537211733,13.35733705031703,36.0,59.68734416700238,35.62804391089097,consider
134411168,cc_to_pl,0.11627876240072735,5.419487979540538,36.0,254.37082705093553,224.7929020906033,consider
110435534,cc_to_pl,0.2190840051082736,7.315150767112236,36.0,73.9120071283013,57.71906858104178,consider
124726314,other,0.4615958997090756,11.041141033014208,15.91,27.713601824189368,14.921116855973596,hold
118603645,other,0.2764795016092113,9.428881494860553,14.44,11.96003672343872,8.653331730914518,consider
128213469,cc_to_pl,0.7301027130486393,18.511000571704788,36.0,162.92378510484525,43.97268757964425,hold
102413701,pl_refinance,0.3274970428021405,8.295030523126893,13.24,31.749164107050717,21.35140675055175,consider
97809521,other,0.4490000904508659,12.66532758703436,17.740000000000002,36.09694193209123,19.88941173958261,consider
119390789,pl_refinance,0.5628849906828162,18.227454817459737,24.03,22.045848367748647,9.636571214673673,hold
97374617,cc_to_pl,0.37047923484846046,11.561763246553653,36.0,465.99507570627907,293.3535766154664,consider
125129102,pl_refinance,0.4722154825272629,12.559070758859562,17.619999999999997,35.90435042147408,18.94976026236976,hold
126124668,pl_refinance,0.3261780859753983,11.04379027849635,15.91,72.0150912165526,48.52534660219376,consider
102674921,other,0.540334709508447,13.018329126417242,17.740000000000002,84.478477749827,38.831824015158425,hold
117886995,pl_refinance,0.6520930492782723,18.230168778943174,24.03,19.675096776498492,6.8451029246664845,hold
109718933,pl_refinance,0.8139736775136155,23.597513536027023,31.3,176.4299808729818,32.82062051814396,hold
106916886,pl_refinance,0.6615405814752393,16.922405162661327,21.99,75.20117468904095,25.45254585763175,hold
114503321,pl_refinance,0.14149397120120114,7.008701022223082,12.07,42.13585907459242,36.17388904415417,consider
106416347,pl_refinance,0.36602861521214886,14.209420849052206,18.990000000000002,29.175257768775566,18.49627856921316,consider
106561184,other,0.378716140016368,11.509698270089547,16.439999999999998,27.260328871551792,16.936402345740944,consider
107621622,pl_refinance,0.6485649692470399,14.737282217338768,19.990000000000002,87.42188506000355,30.723112864544092,hold
106105843,other,0.4174467879119656,11.66051758073379,16.490000000000002,56.36619850163805,32.836309990321,consider
113055307,other,0.3461591054369109,7.9239056848990925,12.969999999999999,19.711439694878038,12.88814536322544,consider
141235120,pl_refinance,0.5527938167759886,18.499614197662176,24.92,106.2941272512644,47.53539094716533,hold
138127279,pl_refinance,0.6326481914906092,17.556646186723814,22.97,13.818553105420875,5.076270474259417,hold
125768960,pl_refinance,0.28144951993573714,10.012502653907772,14.93,19.701669177987583,14.156643845910267,consider
119701364,pl_refinance,0.478250672971196,13.357372522704948,18.59,33.17258622105646,17.307774536641187,hold
124444059,pl_refinance,0.5337855108221691,18.24311713059709,24.03,39.264280124770096,18.30557630130495,hold
137612530,cc_to_pl,0.5378359543925643,15.504432295331998,36.0,54.45466870232667,25.16698998967991,hold
129407762,pl_refinance,0.43958896196534364,12.554096698960793,17.61,74.71102901243353,41.8688853214952,consider
118239430,pl_refinance,0.56068499681914,10.395523502901158,15.42,115.73535909107386,50.844279647233094,hold
103498337,pl_refinance,0.8657867301482828,10.46475045353286,15.49,113.24532197827398,15.199024958114688,hold
130111248,pl_refinance,0.5819448066437731,14.921236623987307,20.04,76.63368231558638,32.03710887804213,hold
99829651,pl_refinance,0.38586146820210876,11.52798938089507,16.439999999999998,56.58523796864654,34.751174967498876,consider
96302353,pl_refinance,0.6203479466513176,17.863620404004635,22.99,47.74148750580696,18.125153761500076,hold
126861848,pl_refinance,0.34607037594516965,10.339516738797359,15.42,83.55872704343255,54.64152696201204,consider
124972321,other,0.6579968311659369,17.544445727605506,23.06,140.90388823436137,48.18957627719225,hold
102544470,other,0.2719999412702212,8.287123600079019,13.24,92.746424345386,67.51940237041799,consider
109394202,cc_to_pl,0.41277287607319374,10.009519575428888,36.0,157.0350418981825,92.21523600959523,consider
107623314,pl_refinance,0.8463156411352397,23.622916785857043,31.24,197.9550278288973,30.422591535939862,hold
120216409,other,0.6875975594169089,13.400236016785886,18.59,28.20549945044513,8.811466866184093,hold
133904486,pl_refinance,0.7443702452589688,15.989551829627253,21.46,114.96685974585046,29.388950160178286,hold
118397624,pl_refinance,0.6594080716583012,14.073906111871262,19.08,89.89101492800455,30.616154114921507,hold
118136980,cc_to_pl,0.49756372298894885,12.544816834562727,36.0,74.36850084017465,37.36543268903058,hold
97829504,pl_refinance,0.6217401240234556,14.032136970224565,18.990000000000002,59.18437933643986,22.3870759875505,hold
112927529,other,0.42740787005610525,13.400397557432532,18.59,12.809623975920744,7.33468987615284,consider
96226545,pl_refinance,0.5277063506991985,15.749461742254391,20.990000000000002,58.462227182042454,27.611338622059346,hold
127148776,pl_refinance,0.4007552838135307,10.016057060376331,14.93,41.01602190726726,24.57863440691838,consider
126415586,cc_to_pl,0.36833298885876625,12.040487193220308,36.0,150.28360847628062,94.92919778973155,consider
114163651,cc_to_pl,0.6032588156829298,19.10502357153048,36.0,317.71951456527586,126.05241648927218,hold
117855664,pl_refinance,0.5105662148701355,15.666208127678159,21.02,34.09212376744324,16.68583717861556,hold
117278564,other,0.4095041578761183,11.039666229090598,15.91,22.176951808200272,13.095397833723961,consider
125774861,other,0.4562990700399471,12.558053581803684,17.619999999999997,12.402886566985728,6.743460960659188,hold
117160597,pl_refinance,0.5665938308998735,14.250828971526726,19.08,88.57500048914585,38.388951640042535,hold
110658767,pl_refinance,0.2142689978529256,7.199176815042493,12.21,50.234860246417156,39.47108708413558,consider
128112434,pl_refinance,0.36350362944241793,12.03996750633639,16.990000000000002,20.20549002709572,12.860721067583848,consider
96910978,pl_refinance,0.4662999679056588,15.742279873714319,20.990000000000002,13.200022770552664,7.044852576289992,hold
103707929,cc_to_pl,0.29824638619309335,11.551392661175687,36.0,64.0167019609978,44.9239519451299,consider
119395639,pl_refinance,0.33183025137883193,9.450214035023333,14.44,41.1685219386917,27.507560954880674,consider
96770861,pl_refinance,0.5815210516168642,17.129872178247865,21.99,63.34208574729223,26.507329431921267,hold
129831488,other,0.5356492505217361,14.734370569602724,20.04,45.03236224874303,20.910811160980504,hold
103747386,other,0.4742588099504102,12.67241912155882,17.740000000000002,12.428576502305418,6.53421460094442,hold
99984927,pl_refinance,0.9990622831355709,10.44214396767003,15.49,113.74395847535993,0.10665962808927017,hold
108771070,other,0.865438094781926,20.999829693862726,28.88,85.31825626580917,11.48058711301116,hold
107637150,other,0.4110988116308847,10.464271826298559,15.49,12.10082494798965,7.126190192117743,consider
97260726,pl_refinance,0.38209868937412833,11.408611619127695,16.39,57.303259266202076,35.40775900372039,consider
97973348,pl_refinance,0.571490434689445,13.582587765250656,18.490000000000002,46.80425867192349,20.056072538188708,hold
108024596,other,0.513857639559425,17.175830741922468,22.09,44.92049485890834,21.837755402868417,hold
116638473,pl_refinance,0.3867184821994166,11.05043388919131,15.91,41.492247772461724,25.4464286908532,consider
120649778,cc_to_pl,0.18117837603717796,7.006700827073836,36.0,74.73158713021749,61.19183953528382,consider
136940664,pl_refinance,0.5143641414205176,19.14616893511055,27.35,177.5055114109,86.20304143662254,hold
112939269,pl_refinance,0.602644853943262,17.132894862538937,22.09,48.784669477448006,19.38483946554104,hold
98766322,pl_refinance,0.4831493048706556,15.711307671011143,20.990000000000002,53.763316438437414,27.787607473665282,hold
106815394,pl_refinance,0.4877499371793748,11.520796465180123,16.439999999999998,85.00003923918848,43.541275440029914,hold
124448820,pl_refinance,0.47365035703904884,12.563526989956152,17.619999999999997,13.453190756010372,7.081082151111627,hold
122259555,other,0.5190812759979456,18.570197437027996,25.0,23.991877803726766,11.538143259781487,hold
108875440,pl_refinance,0.3297072993372055,13.400484040778466,18.59,51.70843161509606,34.65978427432017,consider
106205742,pl_refinance,0.6173735809888572,14.896471566129428,19.990000000000002,50.78647718270906,19.43224789861108,hold
115055191,other,0.4723204500444687,12.054024915690695,16.990000000000002,17.27080963614833,9.113453056170403,hold
96412616,pl_refinance,0.5353101289451301,14.887510610538602,19.990000000000002,79.49103950798144,36.93868089898147,hold
130289495,pl_refinance,0.9067752886363792,17.86348079440866,23.45,130.74402649356261,12.18857413237996,hold
107549851,other,0.13830694146876432,5.423149524465046,10.32,12.23157968510202,10.539867309524087,consider
117817727,other,0.595082219492032,21.08160836049346,30.82,25.92485276170939,10.497433840267231,hold
127245870,pl_refinance,0.8514874484751429,23.425295274281034,30.82,126.6940685981458,18.81565939057591,hold
97384458,pl_refinance,0.3693086381329528,11.503247866259535,16.439999999999998,28.43263739894087,17.932218802609956,consider
134378385,cc_to_pl,0.7101590444940414,23.36880715156125,36.0,288.8014633063426,83.70649207622937,hold
104101957,pl_refinance,0.5233090404981463,13.01681078340639,17.740000000000002,70.98431846689562,33.837582879569624,hold
136487139,pl_refinance,0.7059347697991933,16.385431890225373,21.91,158.5819139312855,46.633427025887976,hold
107571218,other,0.3827015880027159,8.281653989504377,13.24,13.264049171701288,8.187876490345095,consider
121801196,pl_refinance,0.6861331795656418,16.934882811268803,22.09,63.92865203265228,20.06508274814304,hold
108481210,pl_refinance,0.6764571946652174,22.23181375347375,35.79,122.95142753606729,39.78004978493545,hold
129550873,other,0.4400735338242034,12.556878366293972,17.61,29.868488563028166,16.724157251108558,consider
97327365,pl_refinance,0.5341264759478933,13.365319413172852,18.490000000000002,55.82616778721115,26.007933521352257,hold
97257696,other,0.3214243222106644,12.613867185815009,17.740000000000002,47.2399532592849,32.05588330165578,consider
102366340,pl_refinance,0.3888528342574094,11.50361593082,16.439999999999998,22.744103669434594,13.899994494930608,consider
95587526,cc_to_pl,0.710614164898879,15.763939696642705,36.0,174.18051864199884,50.40537484556122,hold
120025436,pl_refinance,0.6651980588831364,17.54572434579818,23.06,150.26321028768075,50.30841448276698,hold
122987573,pl_refinance,0.3734385941280509,11.0464590855786,15.91,80.28149714509505,50.301287716735615,consider
96921348,pl_refinance,0.5595172336671337,17.11995982965979,21.99,25.38806641926493,11.183005728200364,hold
130380838,other,0.5465446959581508,18.618940867077377,25.39,17.51369292849671,7.94167695178706,hold
142832834,other,0.2680546416639403,11.029055389717184,16.060000000000002,28.714802244857367,21.01766621866122,consider
106793605,pl_refinance,0.6139503593099188,17.11985862979104,21.99,25.38858400933219,9.801253734432633,hold
96965135,other,0.38268819762102924,12.675096301101576,17.740000000000002,18.01489520800604,11.120807430522492,consider
125847982,pl_refinance,0.671679834391077,14.783312972698553,20.05,142.3090187584105,46.722920606404664,hold
107619704,cc_to_pl,0.7986169666565941,18.541431625917834,36.0,225.84163388535262,45.48067328706323,hold
127180361,other,0.3970253759370296,12.049221804143079,16.990000000000002,12.04963431493735,7.265623721145617,consider
108783086,pl_refinance,0.5782394314993397,15.719559348731819,21.02,47.26347696526318,19.933870914187263,hold
97419600,pl_refinance,0.1573769029842879,7.498308202151921,12.49,65.59565311644496,55.27241237974721,consider
105985906,pl_refinance,0.4297068529279487,10.47267836129449,15.49,22.472999370816638,12.81619753533125,consider
128234078,other,0.3192995221189474,9.399394918760143,14.44,27.71892358899288,18.868284533375835,consider
136139210,pl_refinance,0.54851992789144,12.39708451436156,17.73,109.4666757209028,49.42202264795755,hold
96696242,pl_refinance,0.5279409415624062,17.856061034554504,22.99,119.52482911924744,56.42277829394624,hold
131601637,cc_to_pl,0.26119627666523043,7.2878652415290635,36.0,413.2147512147649,305.28459673431877,consider
97992911,pl_refinance,0.420924638210023,11.384338473671399,16.39,71.97084346006329,41.67654221496595,consider
96347118,other,0.6116291861277314,18.57209724980849,24.99,155.18435147652212,60.26907288317708,hold
125307285,other,0.37322908537963817,10.089210022379406,14.93,61.110228677694636,38.30211392097813,consider
132308754,pl_refinance,0.3842882460924744,11.19894385739524,15.9,31.53970747413632,19.41936860663077,consider
130328552,pl_refinance,0.2624725009856958,9.466258184057558,14.43,109.19520233286448,80.53446448091844,consider
103212997,pl_refinance,0.4497383278574689,11.40727224871947,16.39,25.793604590408677,14.193231992501543,consider
124895474,pl_refinance,0.448756431247069,10.353083497279515,15.42,28.495582635262735,15.708006665556281,consider
115377014,other,0.21476762532168045,7.292823059264649,12.35,100.65309941682312,79.036072273805,consider
123051996,pl_refinance,0.8676585042880383,20.939345488627072,28.88,29.588059593700223,3.9157280618449466,hold
97562297,other,0.24132208363624533,7.4885352004466315,12.49,23.659831706100306,17.950191820301278,consider
99916086,cc_to_pl,0.2960524668082652,8.287394761232598,36.0,78.70770664714189,55.406095937434245,consider
137306904,other,0.6713811552087556,17.191543406986803,22.97,48.99304763310346,16.100038715992866,hold
138581121,other,0.4260513418596163,14.888569430762118,20.02,12.81494660843694,7.355121410053043,consider
112505713,cc_to_pl,0.5330523873998606,14.94777936907271,36.0,83.65254494071235,39.061356147991496,hold
116254638,pl_refinance,0.6994463377631224,21.08256997697044,29.85,66.4543550435402,19.97309977992573,hold
144150773,other,0.33738216976310326,9.911900728186614,15.33,38.99734253217673,25.840334493675996,consider
125984470,pl_refinance,0.49623345030045385,14.947267219087692,20.05,34.387772305334124,17.32340940611178,hold
121738948,cc_to_pl,0.27322467185228366,7.934050057614273,36.0,408.70175609950627,297.03435290376655,consider
110668996,pl_refinance,0.593818567266345,15.697507864477638,21.02,27.117980306910795,11.014820093904069,hold
99933985,cc_to_pl,0.3629798577124561,11.54884665516022,36.0,151.989005181726,96.82005770700533,consider
124055501,cc_to_pl,0.5707950764262959,18.235289997846984,36.0,151.02736912160117,64.82169042137443,hold
131375081,cc_to_pl,0.40633544751265405,12.495950605587183,36.0,61.76055418526093,36.66505176176341,consider
102617372,other,0.27826874822206643,8.317559231725793,13.24,11.632993796391105,8.395895174594287,consider
112627383,pl_refinance,0.20788414261477628,10.353976186680173,15.42,12.18862590270706,9.654803857270549,consider
107529642,pl_refinance,0.25875011333991244,7.935832984412027,12.99,53.74382652712143,39.83760532190817,consider
130966492,pl_refinance,0.6922983302409557,19.189062854085634,26.85,164.36432888292165,50.57517844609971,hold
106209698,pl_refinance,0.4428616217465498,13.373373430168567,18.490000000000002,39.47260550262308,21.991703415169642,consider
97487881,pl_refinance,0.3334456474684801,7.9261643147875,12.99,26.92219300157774,17.945104924895265,consider
125570358,pl_refinance,0.5320671250747258,14.258611343461356,19.08,29.478629300047317,13.794019757227566,hold
123879507,other,0.6737373119051007,13.00246445809669,17.619999999999997,39.51543502519638,12.892412052559909,hold
126487847,other,0.4079413843611148,14.210287479256255,19.08,35.72161450254424,21.14928963076227,consider
110271976,pl_refinance,0.8108337720397292,18.555419857301732,24.03,67.34909339267585,12.740173953636491,hold
103755439,pl_refinance,0.5773930478346174,14.899208127302948,19.990000000000002,46.635407009501705,19.708447219277634,hold
121385955,cc_to_pl,0.6041941259728024,17.53709890985561,36.0,187.7954753805585,74.33055227135503,hold
112879164,pl_refinance,0.27251923364819713,10.348496916285965,15.42,13.690699560430403,9.9597206081142,consider
109344529,pl_refinance,0.4888631247723639,14.95261592825422,20.05,76.3371665814791,39.01874079018876,hold
131162252,pl_refinance,0.7107822244751678,15.853344948891985,21.01,148.09599083004036,42.83199303201022,hold
116675437,cc_to_pl,0.3529083928300829,12.052381113511233,36.0,195.28036413163272,126.36428467466484,consider
138072359,pl_refinance,0.6735437704649033,18.74375421889649,25.89,150.5457949691206,49.14661259798284,hold
112827900,pl_refinance,0.14957493000126126,7.001463087846624,12.07,26.372270642827573,22.427640107452323,consider
107145873,pl_refinance,0.4793876877470595,13.390024477665742,18.59,21.980584417436148,11.443362878232385,hold
114518190,cc_to_pl,0.14547462673024475,5.412163797612104,36.0,78.23747087813052,66.8559040058161,consider
135653617,cc_to_pl,0.19623342678158895,7.472826131416906,36.0,98.77919360902177,79.3954139524014,consider
107095679,pl_refinance,0.7875768945795917,26.09091502213848,35.89,179.67945286477482,38.16806735777535,hold
128533289,pl_refinance,0.23865069335754685,7.303854775737681,12.35,17.18070607348062,13.080518656672254,consider
103167243,pl_refinance,0.6308436856668104,15.79916661831885,20.990000000000002,75.30265098033522,27.798449095419098,hold
119977677,other,0.3012613286367094,9.448791340800245,14.44,21.96244367275773,15.346008711793845,consider
103228108,pl_refinance,0.4065244141643877,11.559472143112641,16.490000000000002,17.057811649897587,10.123394761996503,consider
104338900,other,0.818374823377292,26.188868793790096,35.89,231.0514894485566,41.96476758003386,hold
96381370,other,0.36195545531398743,11.552026027446512,16.490000000000002,19.93007467884854,12.716275424024145,consider
98825814,pl_refinance,0.4082561601280214,11.544822974147799,16.490000000000002,28.512708553217237,16.872219644431375,consider
130653917,pl_refinance,0.3459601208918052,12.051756138381474,16.98,86.20146917541842,56.37919847843944,consider
97424081,pl_refinance,0.5830693091099273,17.122367801441076,21.99,50.750611505909774,21.159487518252636,hold
127134219,cc_to_pl,0.27203885899877084,9.458576059898547,36.0,635.5519253060922,462.65710471135094,consider
97560958,pl_refinance,0.5827107856125145,15.709796743411777,20.990000000000002,29.830347289757526,12.447882185448774,hold
98439263,pl_refinance,0.890170627300349,24.943139490678476,34.489999999999995,263.0067811116362,28.88586978524542,hold
134298367,other,0.2808289606016925,8.03300144448238,13.08,40.3363569804734,29.00873977518823,consider
139631352,pl_refinance,0.29205632590705294,8.51036155586175,13.46,18.63306246348955,13.191158700006172,consider
99892665,other,0.2422953115256155,7.93357105588537,12.99,17.47456120061554,13.240556950738965,consider
128465537,pl_refinance,0.48658096474294654,13.687342107603229,18.59,90.23123567393259,46.32643396976229,hold
96503536,pl_refinance,0.37774203409829454,11.565329896139728,16.490000000000002,14.1984436991238,8.835094695186662,consider
99995426,pl_refinance,0.16010123835877196,7.5060684674355675,12.49,52.39670960241199,44.00793150914087,consider
111276408,pl_refinance,0.7726877049827018,15.822957917880919,21.02,132.68420928817045,30.16075212584954,hold
96507931,pl_refinance,0.4218501803152601,10.463464598956197,15.49,19.823396274641595,11.460892981723182,consider
133504021,other,0.20260877922281412,7.460279298813733,12.46,91.91306721210299,73.29067286963434,consider
104591363,other,0.1762191463048985,5.396312031633553,10.32,36.8906159606899,30.38978310943526,consider
120195623,other,0.19977485006640178,7.920318343674814,12.969999999999999,11.899420971435234,9.522215930989763,consider
122224830,pl_refinance,0.5804781550168694,18.5619756259402,25.0,134.1182773247633,56.26554714924387,hold
113522806,other,0.45849527675348345,15.700605227190117,21.02,16.939322177793827,9.172722967869825,hold
107635674,cc_to_pl,0.6208048854862733,14.742579962479676,36.0,320.5307705671472,121.54370225038244,hold
100021638,other,0.5605529525032809,17.09013836797833,21.99,12.770733380897752,5.612061078603311,hold
130810997,other,0.1987056729158923,7.323989455021215,12.34,42.033052944315614,33.680846874306056,consider
131483155,pl_refinance,0.6084614899142052,14.916663232315168,20.04,15.979784461219936,6.256700999438189,hold
127090732,cc_to_pl,0.4663741264290591,13.405146160400998,36.0,247.7640374636287,132.2133009309922,hold
144707456,other,0.4838288140561594,12.41024541046279,17.98,59.97899327891423,30.959428092494804,hold
116270788,other,0.1000524408755934,5.401439620318041,10.32,14.741052887255222,13.266174564809123,consider
98716769,other,0.16297450044305037,8.291265907963831,13.24,11.693805901642293,9.788013726544145,consider
127114792,pl_refinance,0.7034583322542669,19.391159734398126,25.0,152.3701692483396,45.184104103602245,hold
120647671,other,0.35816304945031385,10.314343572143612,15.42,40.301497638918306,25.8669903471487,consider
102884666,pl_refinance,0.5031001090102751,14.844077932829565,19.990000000000002,57.71032655013255,28.67625497174229,hold
96275919,pl_refinance,0.37215928838942935,10.462118860347763,15.49,28.326061067329988,17.78425433763694,consider
102372796,pl_refinance,0.33674584932215057,10.483275762040595,15.49,45.13517377935068,29.936091350720375,consider
96720251,cc_to_pl,0.6327298302263192,12.99996878155069,36.0,181.60005347205276,66.69628246959033,hold
125912240,pl_refinance,0.36528465441919006,9.411287562206423,14.44,27.654923669365076,17.553004433811974,consider
98166034,pl_refinance,0.633201585874292,14.026906224653692,18.990000000000002,59.244963597589276,21.730958692531047,hold
111996182,pl_refinance,0.3095564734613101,11.042420496538222,15.91,58.18214055453768,40.17148230604472,consider
115689675,other,0.4102559944977838,11.959220661898813,16.990000000000002,70.01047341191554,41.288257017049474,consider
116373339,pl_refinance,0.4355556204035297,12.561857396638407,17.619999999999997,14.952228177141649,8.43970115703158,consider
113012346,pl_refinance,0.40232809643213513,17.13821646062075,22.09,129.30739036276327,77.2833941435057,consider
96907301,pl_refinance,0.5169137664657639,14.886800573428419,19.990000000000002,26.712564328369183,12.90447208943286,hold
96835875,pl_refinance,0.5582063115364562,14.740316719025452,19.990000000000002,141.5773315318404,62.54797150027776,hold
99256695,pl_refinance,0.4603154299827665,18.211329837252734,23.99,109.69144442318452,59.1987800180956,hold
129933298,other,0.2939126523510503,7.312055816373821,12.34,78.99504890865728,55.777404561312885,consider
107083478,other,0.40023961421211673,11.991161734036544,16.990000000000002,55.6651355637905,33.38574318067381,consider
110491000,pl_refinance,0.6416031362111612,14.95276489340451,20.05,79.51560520072394,28.498143526210942,hold
142916862,other,0.15945239094063549,6.762297291974935,12.02,27.301616098542866,22.94830813508686,consider
135530638,pl_refinance,0.7384171861733836,20.935604286937934,26.85,112.99945081072144,29.558714303930845,hold
115046168,other,0.371646499107147,10.34362803427884,15.42,15.987196566320165,10.045610931909474,consider
96566698,pl_refinance,0.09759384549309805,5.401382215156877,10.32,31.939720426224937,28.822600285855195,consider
96596016,pl_refinance,0.6261337530717043,14.029569244515303,18.990000000000002,111.02746948484901,41.50942332224638,hold
126718128,pl_refinance,0.5373099325580803,12.558625435028192,17.619999999999997,29.92316780140345,13.845152528107242,hold
110020066,pl_refinance,0.18770143338448356,7.0004085184801745,12.07,73.85567415941398,59.992858256114616,consider
122252552,pl_refinance,0.4889003273043103,12.561538779908823,17.619999999999997,14.953150504500883,7.642550328619788,hold
118653768,pl_refinance,0.2757391529941117,9.44916415597708,14.44,30.19658114032876,21.870201433376536,consider
126244316,cc_to_pl,0.3988358086281949,10.239550749604724,36.0,212.9140504273537,127.99630295685581,consider
107057212,pl_refinance,0.1586476990740647,7.501294144252243,12.49,39.334359965183694,33.09405426215629,consider
107414169,pl_refinance,0.5435566466034738,18.233285799190412,23.99,14.790357264658297,6.750960267813306,hold
111559857,cc_to_pl,0.3005225425245549,10.34974807741553,36.0,414.15590706308376,289.6927208709226,consider
97510884,other,0.41779478164021744,12.667520319502962,17.740000000000002,12.440341702904675,7.242831857609926,consider
96695319,pl_refinance,0.37292801442370904,11.402927373070572,16.39,22.946742698126172,14.389259506222235,consider
117199810,pl_refinance,0.7542360776161814,17.53742536003543,23.06,94.05244964681651,23.11469893500822,hold
120560031,cc_to_pl,0.2810291956781987,9.417026635517358,36.0,159.1116418006104,114.3966250823472,consider
106508887,pl_refinance,0.500505605357371,14.906638326223153,19.990000000000002,41.183488693495974,20.570921754229328,hold
97660050,cc_to_pl,0.37633991283207513,8.31532531197559,36.0,210.78077791869077,131.4555583300937,consider
120013336,pl_refinance,0.5364148642297653,15.701933883446085,21.02,13.376412127630942,6.201105832306405,hold
113128909,other,0.5572978681953548,17.862138261110978,23.06,19.3872590383059,8.582780906106898,hold
98947434,cc_to_pl,0.34649231693806604,11.556332494156036,36.0,303.8888451787493,198.59369512113122,consider
102587411,other,0.26361046512559655,7.916046054300514,12.99,21.580189259267286,15.891425531133432,consider
134497651,other,0.32719788681435774,8.040868218754342,13.08,93.97494478737917,63.22654143945277,consider
127602329,pl_refinance,0.24564114011943858,7.295408979136785,12.35,58.24388617004092,43.93679156624527,consider
98151191,pl_refinance,0.7999710268152511,23.48869972476537,33.69,30.968750822522082,6.19464742784344,hold
124803512,pl_refinance,0.908700665354787,18.54312738466208,24.03,48.45248871709924,4.423679981775851,hold
129551359,cc_to_pl,0.1662028763585634,6.211492303175389,36.0,301.65451807333955,251.51866950299424,consider
103781630,pl_refinance,0.48433216817996194,12.674053012427207,17.740000000000002,24.92554239278178,12.853300402624223,hold
126301276,cc_to_pl,0.8305006077180747,18.560144108451805,36.0,373.75237746508935,63.350800844257414,hold
117906208,pl_refinance,0.5941782927545137,17.866726207793974,23.06,31.562720343528326,12.808837055122506,hold
104122458,other,0.17878907897975613,5.411195000327942,10.32,24.520759382763117,20.136715396834685,consider
97366888,cc_to_pl,0.531375921426939,12.66344740159408,36.0,99.36557530075595,46.56510116719886,hold
117118589,cc_to_pl,0.7378648662832266,20.599306841229023,36.0,182.93970377755124,47.95492371183532,hold
96572308,other,0.5927475583376395,19.077805232652764,26.49,96.8924333764694,39.45968007117476,hold
140558679,cc_to_pl,0.2653308313919766,6.034134821776341,36.0,118.00095049972194,86.69166019858723,consider
97274926,other,0.45560216555029565,13.362195563833767,18.490000000000002,20.08773917773283,10.935721707348236,hold
139405910,cc_to_pl,0.16243604085769417,6.039693694769939,36.0,252.81060783414074,211.74505361073577,consider
144801001,pl_refinance,0.38741728758453275,11.867865016550214,16.8,15.751971107479534,9.649385186909884,consider
125311185,cc_to_pl,0.8474675595087694,23.32111222230368,36.0,272.42061299798195,41.55298094069924,hold
127579120,cc_to_pl,0.6451199012770915,16.929065801436153,36.0,236.75149567717926,84.01839415871362,hold
138164885,pl_refinance,0.7222159885479547,21.339285176981324,27.35,70.10815751570101,19.47492523022329,hold
100457035,other,0.1549685602501353,6.75943258343395,11.99,32.57376198215053,27.52585298584607,consider
129056388,pl_refinance,0.6056871495437731,17.870817589787265,23.06,38.01853200622497,14.991195725535864,hold
141688257,cc_to_pl,0.3226370754636059,8.529048291190737,36.0,96.92550333061124,65.65374239818483,consider
127393254,cc_to_pl,0.3546380747287912,12.029058045947151,36.0,150.34889077829973,97.02944961507421,consider
98806059,pl_refinance,0.6927836242566483,23.636785275958484,35.489999999999995,278.6743348041491,85.61331915122007,hold
129124596,pl_refinance,0.35471723432514224,11.045140997129243,15.9,13.814501172450633,8.91425952297751,consider
96731698,pl_refinance,0.3193688741782581,13.28272390566463,18.490000000000002,39.21681230419449,26.692183109743837,consider
122978393,cc_to_pl,0.4455796648620568,12.040492919569962,36.0,135.25521818964995,74.98824339786135,consider
119267621,other,0.21464553518608603,7.217695127978941,12.21,15.64158959476535,12.284192225035826,consider
127898938,pl_refinance,0.3030044110168595,10.002831519334622,14.93,16.44981593893621,11.465449149023097,consider
109656664,cc_to_pl,0.4273778673552556,11.045536095824493,36.0,92.11951878474355,52.74967530472744,consider
115096999,other,0.5236185160626879,12.987824911998423,17.619999999999997,39.63715158345639,18.882405090375133,hold
102636668,pl_refinance,0.37794414208944105,10.476359575964327,15.49,18.361150104367283,11.421660980396739,consider
116807016,pl_refinance,0.7932187048256002,23.542283169486367,31.3,210.23525727958076,43.47271879159487,hold
137574645,cc_to_pl,0.5674314785176393,21.489802104341845,36.0,70.86829998106543,30.655395742777884,hold
107335289,pl_refinance,0.2858172324373278,8.305530625404812,13.24,92.40907276461962,65.9969673349364,consider
118280462,pl_refinance,0.6505025142892117,17.86826359252855,23.06,86.44760729921018,30.21322139678755,hold
104956818,cc_to_pl,0.5383852971446359,21.06789696314271,36.0,230.90317036387273,106.58829837588063,hold
118277387,other,0.44666824211089823,15.67331685726383,21.02,13.446875121240652,7.440583048951318,consider
112897330,cc_to_pl,0.4521021542673632,12.54395608382129,36.0,96.68317751013541,52.972504676389306,hold
106493200,pl_refinance,0.8491072276250808,23.414765338115966,30.49,98.63380960435256,14.883128981100686,hold
96284338,pl_refinance,0.40353789392141165,11.528256241447776,16.439999999999998,101.84800768962327,60.748477166460965,consider
119370850,pl_refinance,0.29370136954895776,7.932187730442876,12.969999999999999,18.742090284308546,13.23751269959691,consider
110027262,pl_refinance,0.23864396850777495,9.452067531196839,14.44,31.550943761661642,24.021501332213084,consider
96847570,cc_to_pl,0.6320558651831287,14.042312388763728,36.0,501.92353963276594,184.67982253439965,hold
126455596,cc_to_pl,0.6802764177725157,13.002383231984542,36.0,217.30431509691454,69.47731405627552,hold
109878488,pl_refinance,0.5927374770811193,17.156101395922402,22.09,76.66565190738743,31.2230468170233,hold
96192618,cc_to_pl,0.517844334548244,15.815389241840233,36.0,434.4532879094745,209.47411413969604,hold
100157794,cc_to_pl,0.5941446462865992,12.992260880378895,36.0,581.2738690129471,235.91311171260662,hold
129220212,pl_refinance,0.29709863281520343,10.003571833693009,14.92,109.40431076388427,76.9004396118446,consider
99239983,cc_to_pl,0.4230526544913349,11.520824305346336,36.0,182.44103007451406,105.25886801335743,consider
140379419,pl_refinance,0.5209836873040451,14.559987544116963,19.47,18.237924631650515,8.736263408279962,hold
117360867,cc_to_pl,0.11676871979735039,5.3856813472657965,36.0,288.6120236260696,254.9111671091308,consider
130001721,other,0.21871167434196215,7.320921574820558,12.34,11.764478438684819,9.19144966160015,consider
98737107,other,0.700096688614436,21.01708995806465,28.99,100.03522203911712,30.000894344721377,hold
125914868,cc_to_pl,0.3824060996807295,10.027392532256476,36.0,188.325179025176,116.30848184248332,consider
104242719,cc_to_pl,0.41494102228289165,14.195775664794068,36.0,57.65500479638857,33.73157816645008,consider
140097926,pl_refinance,0.3656966356881936,9.81260442132435,15.08,51.28573146947133,32.53071201227755,consider
124848284,other,0.18721803824661123,7.919227504304828,12.969999999999999,11.901935306328312,9.673678326939445,consider
110490004,pl_refinance,0.2464136413369225,7.936501133879887,12.969999999999999,53.50422339560089,40.320052881786715,consider
138449885,other,0.5720320786449852,19.25405645085728,27.35,21.14309824197042,9.04856780562095,hold
97377919,cc_to_pl,0.3985347409281738,11.49963479726585,36.0,82.16463237227111,49.419171896329395,consider
96495628,pl_refinance,0.49375316731106544,12.673513099756272,17.740000000000002,33.03652290568766,16.724635084059816,hold
106493619,pl_refinance,0.4000551848178092,13.35862638143712,18.490000000000002,15.463199339590318,9.277066269915888,consider
109302721,cc_to_pl,0.24864203806620502,7.290742848776076,36.0,140.50243097969485,105.56762018764722,consider
113607526,pl_refinance,0.8535693948188695,26.2683483911478,35.79,172.00134798721933,25.186261477738746,hold
124791536,other,0.5049967622065114,15.743931935259134,21.02,26.886368676944358,13.308839547596893,hold
97494750,pl_refinance,0.47773411363749174,11.569186419034391,16.490000000000002,87.39380526592595,45.642803169801255,hold
108213205,pl_refinance,0.562791835992379,15.70296876160986,21.02,17.355637347977876,7.588026340091503,hold
128470084,cc_to_pl,0.23021740665042306,7.931109140062678,36.0,130.80076037561054,100.68814853403407,consider
98004844,other,0.36724525910936817,11.393288107790491,16.39,28.73793582785737,18.184065138487494,consider
121339376,cc_to_pl,0.1378358514565898,7.0071494023302145,36.0,166.06194180485608,143.17265266164907,consider
119991621,cc_to_pl,0.3889940522538068,10.013810011134218,36.0,150.72827491360346,92.09587246573504,consider
95190641,pl_refinance,0.2617411943143648,11.372523155802025,16.39,40.397170915198785,29.823567152933133,consider
119413848,pl_refinance,0.47247019739549523,18.229959721816705,24.03,56.96064029918807,30.048435333256883,hold
136151583,pl_refinance,0.4147522578558871,14.89937490813141,20.02,31.928720133109948,18.686211367453875,consider
102905517,cc_to_pl,0.47070434719599735,11.557189885200609,36.0,182.32841779763908,96.50563892292232,hold
135408418,pl_refinance,0.6887527838939328,19.20241706573782,26.85,164.08598542668005,51.07130616607488,hold
96750157,other,0.10352945280328141,5.397165160923999,10.32,24.58930396751748,22.04358678294684,consider
130076810,pl_refinance,0.2717527987318498,9.490850952954132,14.43,29.883644782115994,21.762680676267532,consider
126655400,pl_refinance,0.6442954762377973,18.55461658659855,24.03,115.47176158822037,41.07382796372055,hold
126056638,cc_to_pl,0.6189002779719951,17.171406039156004,36.0,77.61501953453757,29.579062369810437,hold
135698902,pl_refinance,0.7005702425947685,17.845294470090607,23.45,86.95408959059694,26.036641951505203,hold
119416862,pl_refinance,0.4096371708428038,11.046167552816852,15.91,47.064710535488075,27.785255665195237,consider
126414223,cc_to_pl,0.19008471471531949,6.73833885776678,36.0,166.56134766154304,134.90058140869948,consider
130868160,other,0.22846282901027057,7.286846347600173,12.34,31.753299065876263,24.49885053087699,consider
96630370,pl_refinance,0.6891537970699085,16.91570199953345,21.99,53.546039464277555,16.644583049415505,hold
118670426,other,0.8182026552216184,22.327532076778645,35.989999999999995,362.6567206189802,65.93002887456596,hold
117189409,pl_refinance,0.31451803734608397,10.364044908732374,15.42,12.164916246849032,8.338830664410585,consider
117836088,other,0.1419314626500315,5.406001848584264,10.32,12.273473649729368,10.531481582826657,consider
126649125,pl_refinance,0.6355959566411297,15.840909907573607,21.02,99.1796679186483,36.14147200854548,hold
118346127,pl_refinance,0.7236868691967252,15.813995531347302,21.02,74.76014302294743,20.657209177971204,hold
123039250,cc_to_pl,0.37323194567843176,9.484741357681738,36.0,126.99767352927972,79.59808474131238,consider
100306265,pl_refinance,0.3846368476435371,11.40225148080963,16.39,17.212994616530636,10.592242628723117,consider
121825052,pl_refinance,0.3944865113228908,9.993881048994659,14.93,27.465123989761935,16.630503043990114,consider
132989304,cc_to_pl,0.64208364509229,14.743467373156316,36.0,224.60949519861742,80.39141179914994,hold
134115268,other,0.4543604259709333,15.878411244435062,21.46,14.073137342866005,7.678860665013959,hold
116266936,other,0.3992252718119102,11.045836316877075,15.91,27.687419243660884,16.633901770340053,consider
119883041,other,0.1522343748907724,7.323010075397275,12.35,15.800165671855012,13.394837327629524,consider
124447007,pl_refinance,0.46586814600420257,14.262258216069698,19.08,14.728812331219189,7.867127837630268,hold
96936737,pl_refinance,0.5520935877910871,17.13041032496579,21.99,95.00280661187549,42.55236625930234,hold
107599489,pl_refinance,0.19708272375108596,7.9369422705422785,12.99,107.46457757818712,86.28516592231813,consider
96266771,pl_refinance,0.1702653489179402,7.20494761186966,12.24,11.790833595544171,9.783263199365472,consider
96909203,pl_refinance,0.43403936866656706,13.36726258559072,18.490000000000002,18.525076579974325,10.48446403670246,consider
112015936,pl_refinance,0.4523647820218717,13.397109584488156,18.59,15.67947565504386,8.5866330681327,hold
127726203,pl_refinance,0.2022874673592803,7.317307431252053,12.35,26.362544008029715,21.029731747497813,consider
129865091,other,0.18385082769108038,6.739370463143402,11.71,38.482853411943324,31.407748960243026,consider
126544167,other,0.31602008607321713,9.431393983829011,14.44,13.773783553153777,9.420991289132257,consider
107873344,pl_refinance,0.5208601475666566,13.034031800937809,17.740000000000002,57.260311811890574,27.43569735183648,hold
138417319,cc_to_pl,0.1455026685579937,6.588454742022852,36.0,250.78606488619369,214.29602320809437,consider
126173568,other,0.4499498091865755,15.709579500392753,21.02,13.528881399686497,7.441563795389748,consider
107440639,cc_to_pl,0.6097196273054318,12.674223729441664,36.0,148.23919877757197,57.85484974685496,hold
114794025,other,0.394543962066852,12.036019423565463,16.990000000000002,17.837902168841794,10.800065572186059,consider
125194333,pl_refinance,0.34755864283887555,11.04850469994463,15.91,110.68761666780097,72.21717883967037,consider
98137005,cc_to_pl,0.6738057876391832,17.528141898795525,36.0,167.49258525757898,54.63511192437293,hold
138166751,pl_refinance,0.3202101071412704,10.99835145783411,16.060000000000002,50.83937004190875,34.56008991379446,consider
125920111,pl_refinance,0.3447527390592267,9.622098891539679,14.44,122.5854835165685,80.32380230533182,consider
109607390,cc_to_pl,0.51237966189616,15.734183122088577,36.0,136.44893144846998,66.53527408681062,hold
108259612,other,0.541474281453601,14.945033275521645,20.05,12.753237391331083,5.8476873386528885,hold
103738936,pl_refinance,0.6389838061573924,14.734593118647563,19.990000000000002,48.59237555907714,17.54263447410858,hold
109915503,cc_to_pl,0.8009966935859809,20.619021789188572,36.0,200.9953936550362,39.99874791133956,hold
133681434,pl_refinance,0.4601832152263197,14.323263030964345,19.52,118.2692714056476,63.84373782772246,hold
115415266,cc_to_pl,0.2395444240371996,7.204591831028453,36.0,99.23678975445407,75.4651701094227,consider
127391347,other,0.5513132320306348,19.092249677873784,26.45,83.58283024467846,37.50250996021689,hold
124049628,pl_refinance,0.29254851540990656,8.068733049378178,12.35,74.97208367654127,53.03911189978184,consider
129818903,cc_to_pl,0.7730463096927795,19.576314103985652,36.0,553.8871955661857,125.70674304766297,hold
145443078,pl_refinance,0.5177657164495688,18.18966219197998,23.94,27.262126918366164,13.146732242539231,hold
97484242,pl_refinance,0.58673876192879,17.123069218861072,21.99,68.18607593881984,28.178662161694227,hold
109992181,cc_to_pl,0.5107948821160763,18.572500513504092,36.0,80.17638815487123,39.22269941881101,hold
117875364,pl_refinance,0.14120024337973308,7.2144554707614335,12.21,93.90911139572268,80.64912201107218,consider
116658121,other,0.5986591100879379,15.68168749718738,21.02,40.79533328999355,16.372835366865182,hold
110827856,pl_refinance,0.5641850719226655,15.7887316944718,21.02,62.594480538970856,27.279609034129695,hold
107569942,cc_to_pl,0.20561016495983045,7.204308749845617,36.0,198.56609368887564,157.7388864100768,consider
131263158,other,0.4948589027474991,14.221965153806893,19.07,16.59397488843169,8.38229868292283,hold
130129223,pl_refinance,0.5903166580502663,14.044734093464774,19.07,131.53172784864455,53.88635783745555,hold
102364719,cc_to_pl,0.3197124151036164,11.506263467352829,36.0,136.9058600205356,93.13535687153254,consider
118660542,other,0.1708691577227603,7.32203859571996,12.35,11.852151988674962,9.826984761167932,consider
112035733,other,0.41984495108235365,10.021319861975103,14.93,18.028224082691594,10.459165224592232,consider
104896457,other,0.4166746040870538,10.238752612957548,15.49,69.19111126332393,40.360932371335146,consider
109818318,pl_refinance,0.42038018813898304,13.40593510198521,18.59,17.53197874099621,10.161882219407572,consider
144041619,cc_to_pl,0.5290773080992877,16.060590053534042,36.0,63.966038625963705,30.123059099963772,hold
124429953,pl_refinance,0.5427120122538206,12.974072528550684,17.619999999999997,33.127449751602626,15.148784836073036,hold
122192851,other,0.6284392115351487,19.15575296709301,26.45,18.979515765140576,7.052043842376708,hold
138487436,cc_to_pl,0.2021365102245122,7.8296084036044995,36.0,327.42057022731433,261.2369187858452,consider
99239948,cc_to_pl,0.586924876170703,18.52384653364664,36.0,162.67630913400905,67.19753653962378,hold
96484503,pl_refinance,0.44864769928967385,11.564709450223065,16.490000000000002,56.79992248133715,31.316767940253413,consider
113853061,pl_refinance,0.16579522277676226,5.386955313028626,10.32,36.95917902335725,30.831523703533495,consider
132171929,pl_refinance,0.6771174589494471,15.685322887167915,21.01,50.85469983827875,16.420094708146586,hold
114669399,pl_refinance,0.35694074347746774,11.047558210428727,15.91,44.283491544344656,28.47690914872812,consider
96653756,other,0.612511137935913,14.738152274431702,19.990000000000002,121.40121305414789,47.04161789955154,hold
118618200,pl_refinance,0.6242896863239176,14.791309628435247,20.05,81.20051973308091,30.50787273957675,hold
106356565,pl_refinance,0.46074777422389823,11.688289195163406,16.490000000000002,69.03729502778287,37.22851500529332,hold
97304170,cc_to_pl,0.13810769764024378,5.3739111910147965,36.0,424.566211159319,365.93034924026387,consider
103217799,pl_refinance,0.28257958558695356,11.39491054288686,16.39,17.237802566814537,12.366751461054362,consider
116876376,pl_refinance,0.6884182131215355,18.540798180635413,24.03,57.87818405415402,18.03378800887396,hold
123885084,cc_to_pl,0.5483949234867402,18.244970684634644,36.0,120.76091730795582,54.536243300670826,hold
107625673,pl_refinance,0.4219838038886669,11.043296572205211,15.91,11.766957000103389,6.801491725005383,consider
109172798,pl_refinance,0.4458873093036887,11.039635709206669,15.91,18.01925489363282,9.984697813453556,consider
97932884,pl_refinance,0.36245188165013287,8.336548483397548,13.24,52.48039002494795,33.458773910672704,consider
113837060,pl_refinance,0.5056876927907368,15.70608785583346,21.02,33.84349499208679,16.729256093563567,hold
125882127,other,0.16976046976230355,7.293306258381134,12.35,11.851734207040806,9.839778240555598,consider
122191720,pl_refinance,0.6094304069360209,14.962245858558305,20.05,47.622420353517896,18.59986933819524,hold
125565275,pl_refinance,0.6706547925145706,14.075805680382786,19.08,54.28996762368416,17.880140651399504,hold
113536622,pl_refinance,0.813827296334678,26.09023836856269,35.89,262.0477260332357,48.786133644957076,hold
144486948,pl_refinance,0.33717908178361805,12.838191350994196,17.98,12.63147817315874,8.372407961163264,consider
129884382,other,0.18744378197254877,7.295531615949637,12.34,26.416318276363825,21.46474367285163,consider
135278672,pl_refinance,0.7296848127778774,11.045409505447191,16.05,28.56078866482966,7.7204149351449045,hold
108885913,pl_refinance,0.17505608771789477,7.306342839268296,12.35,11.821851280600214,9.752364245835556,consider
97488729,pl_refinance,0.14785510377526834,5.415202026429693,10.32,15.681081227203435,13.36255333504686,consider
109790179,pl_refinance,0.39236883054739585,10.351353694840903,15.42,116.71951168132978,70.9224133808633,consider
101382963,pl_refinance,0.33322821645232337,11.409901067827672,16.39,28.644366591260905,19.099255400648516,consider
98947987,pl_refinance,0.28565920083713886,11.360341980668204,16.39,40.4931942175474,28.925940718019756,consider
130144924,pl_refinance,0.3153687649080023,10.361575503525245,15.41,45.420139598591504,31.096046271434652,consider
113568291,other,0.551149844317624,21.12091100568162,29.85,99.25855167890688,44.55221637388451,hold
129596916,pl_refinance,0.37625105185499214,11.05433076429496,15.9,68.94356146502162,43.00347394517793,consider
112431988,pl_refinance,0.4085719292822291,11.061865703036704,15.91,20.69873030087723,12.241810128155286,consider
116922243,pl_refinance,0.5638605489494567,14.941258790517917,20.05,25.501262844374935,11.122106778041301,hold
103658752,pl_refinance,0.21904552928361537,6.745538283431064,11.99,24.493725809412638,19.1284846753621,consider
114689360,pl_refinance,0.5891370591658044,14.778624240244875,20.05,65.11157361532355,26.751932617934052,hold
99991891,pl_refinance,0.46474096584886787,15.73497459957439,20.990000000000002,80.29089290481579,42.97642578736368,hold
112436856,other,0.1599889234736171,7.018814860052898,12.07,11.810265354617371,9.920753714594381,consider
104957502,other,0.14986397170416502,6.7601816464408735,11.99,32.56920404910073,27.688253775059124,consider
126343466,pl_refinance,0.16517294350776118,6.193985391065244,11.08,55.30125978011756,46.16698792254818,consider
111493048,pl_refinance,0.7537129239065244,20.624214850135164,26.45,110.2694042462548,27.15792915437957,hold
99904703,pl_refinance,0.698635027890748,18.54103562205944,23.99,98.8823456521011,29.79967533954286,hold
99656884,cc_to_pl,0.23613185560067457,7.9205740303315935,36.0,72.52028279793791,55.39593385217515,consider
96342577,other,0.4661385677362227,14.883761134714405,19.990000000000002,15.910203532564026,8.493844045502842,hold
99945723,pl_refinance,0.5291445647768152,14.889198650942426,19.990000000000002,31.78629391002096,14.966749253134989,hold
135348574,cc_to_pl,0.2467480116861167,8.117694444810418,36.0,398.5440152795421,300.2040719399138,consider
96623315,cc_to_pl,0.35758742742710714,11.558142681285654,36.0,227.90014617412805,146.40591919345994,consider
110548428,pl_refinance,0.7991232150973863,23.563112107661944,31.3,234.85585997056228,47.17709006642501,hold
120152930,other,0.3216623164630665,10.365619782743538,15.42,19.899043438907313,13.498271030949201,consider
124923593,pl_refinance,0.25057585060334253,9.483509639934068,14.44,32.719343711885756,24.520666330096855,consider
131645733,other,0.1653087718180007,6.740944651424049,11.71,25.647009803888295,21.4073341124033,consider
110755194,pl_refinance,0.5791668019741791,15.6925731006667,21.02,26.464367716259858,11.137084499764926,hold
98946867,other,0.560016527321612,14.222297967398733,18.990000000000002,43.64769305845857,19.204263566260973,hold
125637307,pl_refinance,0.5498681920147217,13.675436562055532,18.59,108.53230309147966,48.85384181537395,hold
141167382,pl_refinance,0.8129411078539669,23.6469623782932,32.269999999999996,95.73854788851474,17.908746703695506,hold
102416055,pl_refinance,0.6459583878687031,15.768929457265564,20.990000000000002,73.23120577162763,25.92689414970578,hold
103637654,cc_to_pl,0.792156751089045,23.42560377177809,36.0,239.21287827514539,49.71878180204701,hold
126613602,pl_refinance,0.5898051307234421,13.02172895854057,17.619999999999997,94.45197234725276,38.74371444989441,hold
129052440,other,0.35005442468111886,10.057850465563112,14.93,78.83783794954104,51.24030394301118,consider
127645100,other,0.3794719229631085,9.637557488082843,14.44,91.6530515617676,56.87329184018671,consider
111431158,cc_to_pl,0.552405523998414,17.141099671593906,36.0,280.1511899530876,125.39412506827303,hold
133471221,pl_refinance,0.6627939689287089,15.959391467186354,21.46,88.90840070315255,29.98044893000606,hold
126372603,pl_refinance,0.8221399425981105,25.047561641781705,35.75,162.2575566190966,28.859138334162854,hold
110745101,pl_refinance,0.4532948453329294,12.040175983646579,16.990000000000002,23.091035916098406,12.623988361933462,hold
107470974,other,0.31907902125670834,11.040428723871747,15.91,15.521570073339916,10.568962685971202,consider
100456438,pl_refinance,0.767933934196148,22.739225653918947,28.99,129.76091701058567,30.113105505746756,hold
130667761,other,0.29203304780360845,7.326662482450607,12.34,11.751316095877627,8.319543440694883,consider
125735922,cc_to_pl,0.15466812021864831,6.212130591552147,36.0,251.41343679795233,212.52779313070312,consider
110774311,other,0.3188282401105137,10.01055338759264,14.93,11.794584238709973,8.03413770304687,consider
131009286,cc_to_pl,0.3726309008704211,11.048580871192247,36.0,153.4936415347401,96.2971676117684,consider
125946481,other,0.5300701866750505,13.350966913450772,18.59,12.929042837259175,6.07574268698348,hold
138780079,pl_refinance,0.3097329648634223,11.519597651694347,16.55,13.064793034801198,9.018195952805234,consider
106200741,pl_refinance,0.7522906470034242,17.867371323117133,22.99,27.2610124225439,6.752807749219965,hold
99881498,other,0.5035410221198485,18.223385933525183,23.99,103.79919837045782,51.53204392777657,hold
128552967,pl_refinance,0.6809923126663769,19.367297547378122,25.0,101.99933201579233,32.53857101593229,hold
140344720,pl_refinance,0.33525227998194,8.502353735550692,13.46,11.73657669768545,7.801862600603496,consider
117230701,other,0.2665720410167514,10.35080536530947,15.42,18.815447867240067,13.7997755266256,consider
115702757,pl_refinance,0.47375617256203484,12.051225582719992,16.990000000000002,27.648994598070203,14.550112742100087,hold
113544788,cc_to_pl,0.6139663871985229,14.789620111575278,36.0,444.88976355992406,171.7424027254324,hold
129323819,pl_refinance,0.550246781919067,18.069872426753932,23.45,64.9968408048644,29.23253831708187,hold
134972319,pl_refinance,0.8035083947384062,24.55457171179796,33.72,169.25225565316612,33.256647407436276,hold
137838907,pl_refinance,0.6063154756599592,15.741423636281416,21.14,151.17815867040395,59.516501486761186,hold
106185316,pl_refinance,0.4611471121515558,14.843743361064822,19.990000000000002,64.12656580389569,34.55478517123248,hold
104501471,other,0.17265741384089064,5.404189791360746,10.32,85.9420409762431,71.10351044107712,consider
132741484,pl_refinance,0.6061654293415615,12.997774059750919,17.61,52.61078034145072,20.71994408778066,hold
121884855,pl_refinance,0.7797196081631829,17.85188734163704,23.06,16.6494935007467,3.6675569522290234,hold
119317729,pl_refinance,0.44983240354171167,10.361661541189413,15.42,14.793326373754354,8.13880881467144,consider
98867640,other,0.3077773221463936,8.316712747220766,13.24,86.93487054184152,60.17828888533015,consider
116803907,other,0.48307204988025315,18.242804311607735,24.03,14.871456503610261,7.687471525706229,hold
131073446,pl_refinance,0.37790226042277875,10.005051940801268,14.92,41.014840109230136,25.515239321073217,consider
111700887,cc_to_pl,0.3942941625376793,12.045094955964302,36.0,150.25728754492422,91.01171618721507,consider
140318248,cc_to_pl,0.6003615069890287,14.216399428782465,36.0,537.9177614880556,214.97264356492164,hold
133358966,other,0.615153128041145,15.973296071639357,21.46,44.346262514935574,17.066520411939184,hold
97285007,pl_refinance,0.3796937166022061,11.504543316807423,16.439999999999998,14.212664666077785,8.81620519619386,consider
125018357,cc_to_pl,0.5384575953955991,12.998294559267809,36.0,452.78881804640287,208.98123985912133,hold
125362960,other,0.3069480824534059,10.35203587387877,15.42,42.75246201018979,29.62967577599995,consider
117625679,pl_refinance,0.4035171871867267,12.045418648225334,16.990000000000002,28.83384721129994,17.198894288824345,consider
114507526,other,0.18974804395369466,7.323517407573072,12.35,15.798606029110772,12.800851437891955,consider
120634528,pl_refinance,0.6177998190274359,20.643491633839208,27.91,83.93431594546462,32.079710744164956,hold
125142124,pl_refinance,0.33767906620145766,9.997214008350342,14.93,19.213301758467765,12.725371962021544,consider
128825667,pl_refinance,0.556988476906435,15.6527236929202,21.02,51.26474662410044,22.71087348294843,hold
118637013,pl_refinance,0.5033454637433081,11.06245077561087,15.91,96.57955928710521,47.966676229612915,hold
97277836,pl_refinance,0.5471875507067512,14.212561502270717,18.990000000000002,102.04718085808167,46.2082339078191,hold
125014682,other,0.5559223807856869,15.651198316317744,21.02,13.501325847336744,5.99563663852197,hold
95116742,pl_refinance,0.29728107319817965,10.437229891383389,15.49,12.164553327643802,8.548261859425365,consider
132180030,other,0.4875139191104769,11.943947586689239,16.98,56.04535729091975,28.72246551007652,hold
119328201,other,0.26365030619142493,9.996902294666207,14.93,11.826630825607083,8.708535987222831,consider
139672048,pl_refinance,0.4230745530619123,11.580783369765651,16.55,102.17513020505794,58.94743265951036,consider
131262243,other,0.41718309848962726,10.001552679465181,14.92,21.889831464570364,12.757763748765164,consider
106794961,cc_to_pl,0.15595045599723492,7.214482097899156,36.0,463.169984851657,390.9384145098087,consider
143053953,pl_refinance,0.44599269275662695,13.342573393954968,18.560000000000002,29.908552825379275,16.56955681433455,consider
126000372,pl_refinance,0.2962096260341783,7.929966712111271,12.969999999999999,16.071821071602045,11.311192962294578,consider
110786383,pl_refinance,0.38242851454593196,10.004870956483003,14.93,13.703049122814633,8.462612402026696,consider
114803924,pl_refinance,0.653478749110734,18.23269185012212,24.03,83.7787971358797,29.03113358152309,hold
127551783,other,0.4871457085282655,12.025635895398729,16.990000000000002,72.36624164303248,37.11333758430975,hold
131006155,pl_refinance,0.15747746232040497,6.737160957344136,11.71,38.49958611525295,32.43676899343702,consider
123884010,cc_to_pl,0.37903209655990994,10.018086868640488,36.0,125.59068734362546,77.98778581137097,consider
100449199,pl_refinance,0.5563471729736472,21.130647967874946,29.74,59.77184142289275,26.517946423837223,hold
109944180,cc_to_pl,0.3799758968201348,11.043625891169217,36.0,230.31477492418765,142.80071177144197,consider
120143021,other,0.6407099780562322,14.780558963684014,20.05,41.4945918899931,14.908592830703311,hold
123909634,pl_refinance,0.3610366676167923,9.385770790209762,14.44,55.58446653888461,35.51643596842862,consider
112751414,other,0.8257904539619806,25.015466648364942,35.17,255.15010114432516,44.44958329190762,hold
125131083,pl_refinance,0.5337376264376296,13.68124652614884,18.59,54.20468442467626,25.273604818048803,hold
130429127,pl_refinance,0.806031950987781,17.848702681542687,23.45,115.87171042764396,22.475409607358888,hold
108421448,other,0.7129379326029572,21.517473580377946,31.3,69.62755589340355,19.98743014256357,hold
114387502,pl_refinance,0.5732040729692143,15.847814025904226,21.02,123.81551332670324,52.843956791062915,hold
113081738,pl_refinance,0.32850043913690924,10.01850391476078,14.93,11.775918250008118,7.907523933640107,consider
128411355,pl_refinance,0.3986414352848167,13.38895909109942,18.59,18.84427961707891,11.332168943618159,consider
133122144,cc_to_pl,0.5069550875028508,13.205138386393854,36.0,362.9418891396598,178.9466519724136,hold
136677261,pl_refinance,0.9186738645587397,14.231581389549739,19.47,158.6468770442782,12.902137409835943,hold
128490296,pl_refinance,0.6586448838929461,14.774710757528604,20.05,97.73761778104665,33.36323586567604,hold
107072205,pl_refinance,0.5061198326822739,14.204587459102044,18.990000000000002,11.86942064751625,5.862071455359799,hold
96417098,other,0.5727028403701551,17.862842656137154,22.99,54.56927560248596,23.317296468000446,hold
116268181,other,0.31114439148391293,10.009297647040745,14.93,16.702191199161234,11.505398082050245,consider
112062439,cc_to_pl,0.35265446883271945,11.03857220631201,36.0,65.23403828566364,42.22896316421965,consider
107064033,pl_refinance,0.6296518186273812,14.028106459299707,18.990000000000002,62.192535980397565,23.0328925952914,hold
141804972,other,0.545410745890865,15.513242365461192,21.14,25.120762138957332,11.419628523401611,hold
104243251,pl_refinance,0.6012784370005508,15.820853693285818,20.990000000000002,144.22384043736997,57.50515508097131,hold
102185815,other,0.3089126312222956,10.461015507500049,15.49,14.166072884035856,9.789994035341525,consider
134196305,pl_refinance,0.3986159762352038,12.096246985425715,17.130000000000003,29.436112728818898,17.702407916851246,consider
102947644,pl_refinance,0.31729521790427206,11.549612003075502,16.490000000000002,19.939618093985302,13.61287262592627,consider
110192496,pl_refinance,0.6279756392288695,13.683312198158252,18.59,36.12222247989274,13.43834672771466,hold
109909450,pl_refinance,0.5552023704125741,12.996034207504824,17.619999999999997,43.525644293773325,19.360103408135842,hold
121790354,other,0.44605708365054425,18.239455546736334,24.03,14.87987199443333,8.242599687502992,consider
107620482,pl_refinance,0.6984676823328992,18.541987576754153,23.99,74.59768635420778,22.49361325898773,hold
111909958,pl_refinance,0.5568963124566105,13.688177422035933,18.59,59.54267547820314,26.38357907059116,hold
111988182,pl_refinance,0.28388875465633423,9.41907155371097,14.44,11.982950033865876,8.581125271642614,consider
123904970,other,0.43954040791919957,13.394937486970402,18.59,31.37086867340662,17.582104259917834,consider
139332375,pl_refinance,0.1822358428542763,7.21380998019939,12.21,26.08972294839765,21.33524029706185,consider
107653562,other,0.3462580431454244,8.324575662114846,13.24,11.616763561611549,7.594365743084863,consider
109025287,pl_refinance,0.24922515674034937,7.024662720077422,12.07,15.752534221559529,11.826606411133637,consider
119381426,pl_refinance,0.6073547567359641,16.919842903621294,22.09,102.57523067651073,40.27567640184316,hold
109887903,pl_refinance,0.5560953038123868,14.768285547292365,20.05,42.40312049628545,18.82294432131035,hold
112794545,pl_refinance,0.8354432960318284,26.19974474516381,35.989999999999995,172.81581818557538,28.43800143418109,hold
99843188,pl_refinance,0.16277932325264166,6.758636349528086,11.99,32.57860690910587,27.275483323927784,consider
140378682,other,0.46866344682432104,16.05593593543485,21.91,37.93432446240166,20.15589320690034,hold
119994816,cc_to_pl,0.23072651529964197,7.20365290860419,36.0,661.5960004850583,508.94826075696056,consider
105670551,cc_to_pl,0.4729168551873362,12.67614089052225,36.0,177.87456680097944,93.7546860516505,hold
102524469,pl_refinance,0.07736494458732159,5.405529949384108,10.32,19.638750221785187,18.119399399112528,consider
110192844,pl_refinance,0.6288273104603416,22.180534342292102,35.79,79.97714377136106,29.685331555316026,hold
126382487,pl_refinance,0.45090957029959006,14.255254865532049,19.08,14.159263560529524,7.774716112692514,hold
131652382,pl_refinance,0.6320202028562245,20.559158625242482,27.9,47.81651096108476,17.595510003583087,hold
107570845,pl_refinance,0.12409849799836761,7.212651092942743,12.24,24.95369960136759,21.856982961335408,consider
110558600,pl_refinance,0.6189112695199667,17.174685587861738,22.09,39.39454368280019,15.012816639918542,hold
114148903,cc_to_pl,0.4523548386375649,12.544146595076802,36.0,446.2137676808168,244.36681080370104,hold
137978755,pl_refinance,0.24358190260918575,7.838084822159666,12.84,21.206245101746163,16.040787572666105,consider
106550137,pl_refinance,0.6251427544774112,16.89480749933824,21.99,133.66435941901932,50.10505359635488,hold
137882573,pl_refinance,0.2991836194494348,11.499455372039552,16.55,14.573343749999339,10.213238019393737,consider
111758814,pl_refinance,0.48854493188033826,14.94950570534624,20.05,50.9218657205754,26.044246300897154,hold
104321768,other,0.8207058932815942,23.447583322055674,30.49,94.26428293778133,16.90103040478057,hold
109943523,other,0.6459756801499742,18.23973839688445,24.03,80.14392353756887,28.37289802050029,hold
132564599,pl_refinance,0.9554427469389846,25.05304798630995,35.65,320.58161447813154,14.284236123010997,hold
104318947,pl_refinance,0.5095987357058664,17.87406409951702,22.99,40.83914349131578,20.027567600830796,hold
131056385,pl_refinance,0.24319988858275463,11.045542490833238,15.9,16.57588925522819,12.544634835196614,consider
132125399,other,0.5026900523943473,13.696640601984727,18.58,107.8272046112279,53.62354147567374,hold
100076045,pl_refinance,0.654486617986974,16.921070899101974,21.99,55.47557727934793,19.167554324912484,hold
127166805,pl_refinance,0.16086552934370515,6.179503983686314,11.08,15.455106931519282,12.968912973916867,consider
96511002,cc_to_pl,0.27069307589028485,8.305512379310318,36.0,194.62735103545208,141.94307473128734,consider
116876288,cc_to_pl,0.6010650392241782,15.710099233438104,36.0,95.6197762473584,38.14607168663278,hold
131568958,other,0.6800906604440672,17.458504324891138,22.47,41.88385115949052,13.399035162491602,hold
96221892,pl_refinance,0.6455390426143199,12.668387358961326,17.740000000000002,63.73304420191198,22.590875864913585,hold
112937859,pl_refinance,0.42046451142491653,13.40475771635695,18.59,25.050989312857837,14.51793733071626,consider
130405568,cc_to_pl,0.3426333463609815,12.00305071048857,36.0,481.5192333311659,316.53468707773425,consider
110360823,pl_refinance,0.6104535180594726,14.958867491738953,20.05,30.498726485960674,11.880671606272365,hold
118599242,pl_refinance,0.6063645089490044,15.73781434847602,21.02,31.29110519340827,12.317289558335624,hold
118270590,cc_to_pl,0.3326263809615204,10.25025994023978,36.0,304.0527735412975,202.91679985694296,consider
107085020,pl_refinance,0.7039639738574284,20.96183573851638,28.99,41.962403243619576,12.422383103633297,hold
124418323,pl_refinance,0.6850934378102719,15.708458675421728,21.02,20.297996555962868,6.391972314777208,hold
106209679,pl_refinance,0.7702423453170375,17.86312000434508,22.99,29.415427317616945,6.758419591992816,hold
137434576,pl_refinance,0.3574318226060179,11.031481798477769,16.060000000000002,34.44096711921736,22.130669469481568,consider
111518542,other,0.2138430024809771,9.435423082141057,14.44,11.944756292394828,9.390453742925574,consider
96638381,pl_refinance,0.5851517445280051,15.68356743439987,20.990000000000002,84.43716688881545,35.02861138082278,hold
134416005,cc_to_pl,0.6467411254170564,18.056163515581606,36.0,48.11609014728677,16.997435854761985,hold
100134952,pl_refinance,0.16900595199445498,6.76795247939956,11.99,18.429203860999934,15.314558717971755,consider
141882756,cc_to_pl,0.2202071237005753,6.034400320154667,36.0,210.7084059158185,164.30891390956282,consider
126191738,pl_refinance,0.6054435722019371,12.994778841753977,17.619999999999997,94.00147567451233,37.08888644988209,hold
110083774,cc_to_pl,0.37619594605711554,10.009976669569582,36.0,235.54639121067748,146.9347937288372,consider
107520015,other,0.6828331882955774,13.582606170703855,18.490000000000002,144.00860686144233,45.6747506962393,hold
107078735,pl_refinance,0.6805871770150718,23.59732068867841,35.489999999999995,119.81353406382641,38.26997914712766,hold
113044524,other,0.8013017873340521,26.12653754782911,35.79,205.98630520242455,40.9291106773842,hold
99330495,pl_refinance,0.40876172305014524,11.550334488476853,16.490000000000002,28.481582031098526,16.83940148487264,consider
